,Study,sub_dataset,R(unmatched),P(unmatched),R(Matched),P(Matched),R_diff,R(MaAsLin),P(MaAsLin),R(Matched_MaAsLin),P(Matched_MaAsLin),MaAsLin_raw_diff,MaAsLin_PSM_diff,Matched_MaAsLin_raw_diff,Matched_MaAsLin_PSM_diff
6,9,0,-0.004593904,0.94089411,0.150440772,0.014604843,0.155034676,0.1154581,0.061517917,0.152409509,0.013347293,0.120052004,-0.034982672,0.157003413,0.001968737
9,9,1,0.118877076,0.054165285,0.154978096,0.011850211,0.03610102,0.122108506,0.047901248,0.241426258,7.64E-05,0.00323143,-0.03286959,0.122549182,0.086448162
0,9,2,-0.01735125,0.77942323,0.297896357,8.64E-07,0.315247607,0.084760505,0.17052951,0.298225817,8.40E-07,0.102111755,-0.213135852,0.315577067,0.00032946
5,9,3,0.162843093,0.008145544,0.338214261,1.85E-08,0.175371168,0.043660613,0.48079794,0.372030628,4.68E-10,-0.11918248,-0.294553648,0.209187535,0.033816367
2,9,4,0.081076166,0.189948887,0.279791692,4.06E-06,0.198715526,0.13730781,0.025966746,0.341171025,1.36E-08,0.056231644,-0.142483882,0.260094859,0.061379333
8,9,5,0.054539792,0.378355918,0.107196431,0.082713101,0.052656639,-0.013291652,0.830128234,0.160283813,0.009218543,-0.067831444,-0.120488083,0.105744021,0.053087382
4,9,6,0.133952755,0.029870899,0.313530256,2.08E-07,0.179577501,0.066306465,0.284004168,0.324800129,7.08E-08,-0.06764629,-0.247223791,0.190847374,0.011269873
7,9,7,0.189166777,0.002062914,0.342332941,1.21E-08,0.153166164,-0.037010192,0.550140049,0.373886131,3.77E-10,-0.226176969,-0.379343133,0.184719354,0.03155319
3,9,8,0.01991855,0.747817989,0.201215494,0.001033489,0.181296944,0.09119088,0.140239976,0.189376343,0.002038957,0.07127233,-0.110024614,0.169457793,-0.011839151
1,9,9,0.135582533,0.027915834,0.398131324,2.01E-11,0.262548791,0.171731416,0.005229836,0.409115835,4.92E-12,0.036148883,-0.226399908,0.273533302,0.010984511
10,100,0,0.103472103,0.023381799,0.26636111,3.07E-09,0.162889007,0.009766537,0.830998367,0.286082395,1.71E-10,-0.093705566,-0.256594573,0.182610292,0.019721285
13,100,1,0.076035622,0.096127801,0.177581145,9.17E-05,0.101545523,0.020132972,0.659947348,0.212064287,2.77E-06,-0.05590265,-0.157448173,0.136028665,0.034483142
12,100,2,0.129417395,0.004512024,0.232226533,2.67E-07,0.102809138,0.087706598,0.054826701,0.235008674,1.90E-07,-0.041710797,-0.144519935,0.105591279,0.002782141
16,100,3,0.186643765,3.88E-05,0.253275546,1.84E-08,0.066631781,0.160455497,0.000416928,0.270219735,1.78E-09,-0.026188268,-0.092820049,0.08357597,0.016944189
18,100,4,0.150833118,0.000916574,0.19877175,1.15E-05,0.047938632,0.091283665,0.04562075,0.182855189,5.58E-05,-0.059549453,-0.107488085,0.032022071,-0.015916561
11,100,5,0.080633987,0.077585485,0.184544685,4.75E-05,0.103910698,0.009665151,0.832726787,0.162916481,0.000338389,-0.070968836,-0.174879534,0.082282494,-0.021628204
19,100,6,0.150135198,0.000968776,0.197327153,1.33E-05,0.047191955,0.083559586,0.0673808,0.220155179,1.11E-06,-0.066575612,-0.113767567,0.070019981,0.022828026
17,100,7,0.036608955,0.42357229,0.100851902,0.027144792,0.064242947,-0.003250486,0.943374605,0.111976748,0.014103541,-0.039859441,-0.104102388,0.075367793,0.011124846
15,100,8,0.086875654,0.057173124,0.157030302,0.000554726,0.070154648,-0.041866864,0.360051564,0.157927334,0.000515039,-0.128742518,-0.198897166,0.07105168,0.000897032
14,100,9,0.127243457,0.005240725,0.201781993,8.38E-06,0.074538536,-0.007948429,0.862109041,0.25393442,1.68E-08,-0.135191886,-0.209730422,0.126690963,0.052152427
24,11,0,-0.09770916,0.042374652,0.165955163,0.000533465,0.263664323,-0.092391953,0.055000432,0.179272653,0.000179888,0.005317207,-0.258347116,0.276981813,0.01331749
25,11,1,-0.109865338,0.022382737,0.144929032,0.002531732,0.25479437,0.044822716,0.352686718,0.141576202,0.003188581,0.154688054,-0.100106316,0.25144154,-0.00335283
26,11,2,-0.088492278,0.066128044,0.159557105,0.000874502,0.248049382,-0.037872151,0.43236041,0.193868353,4.98E-05,0.050620127,-0.197429256,0.282360631,0.034311248
28,11,3,-0.088895447,0.064898039,0.147034922,0.002184884,0.235930368,-0.00726206,0.880367194,0.170616538,0.000367935,0.081633387,-0.154296982,0.259511985,0.023581616
21,11,4,-0.114632824,0.017146212,0.184210839,0.0001178,0.298843664,0.052717265,0.274264971,0.233179341,9.57E-07,0.167350089,-0.131493574,0.347812165,0.048968502
23,11,5,-0.111381184,0.020584713,0.162595414,0.000693108,0.273976597,-0.131810184,0.006075735,0.197500858,3.57E-05,-0.020429,-0.294405598,0.308882042,0.034905444
22,11,6,-0.051626977,0.28432609,0.243069161,3.15E-07,0.294696137,-0.062124387,0.197490215,0.261499431,3.47E-08,-0.01049741,-0.305193548,0.313126408,0.01843027
20,11,7,-0.086211293,0.073452262,0.280622129,2.93E-09,0.366833423,0.078585986,0.102854457,0.248416581,1.69E-07,0.164797279,-0.202036143,0.334627874,-0.032205548
29,11,8,-0.08349382,0.083027069,0.152353013,0.001493298,0.235846833,-0.03451108,0.474340799,0.126827972,0.008312715,0.04898274,-0.186864093,0.210321792,-0.025525041
27,11,9,-0.038233766,0.427975183,0.202177424,2.30E-05,0.240411191,0.013225629,0.784003887,0.192103766,5.85E-05,0.051459395,-0.188951795,0.230337532,-0.010073658
36,18_1,0,0.097171877,0.016719776,0.248635455,5.44E-10,0.151463578,0.175706363,1.36E-05,0.251857112,3.20E-10,0.078534486,-0.072929092,0.154685235,0.003221657
30,18_1,1,0.104094062,0.010342319,0.312319933,3.54E-15,0.208225871,0.135815893,0.000802213,0.34938664,7.72E-19,0.031721831,-0.17650404,0.245292578,0.037066707
35,18_1,2,0.143805374,0.000383432,0.296117415,9.91E-14,0.152312041,0.152931212,0.000157334,0.341018473,5.73E-18,0.009125838,-0.143186203,0.197213099,0.044901058
34,18_1,3,0.113653699,0.005092473,0.275309941,5.31E-12,0.161656243,0.131838562,0.001141985,0.292762803,1.93E-13,0.018184863,-0.143471379,0.179109104,0.017452862
39,18_1,4,0.152255372,0.000168359,0.270603604,1.25E-11,0.118348232,0.178166863,1.02E-05,0.296535009,9.12E-14,0.025911491,-0.092436741,0.144279637,0.025931405
38,18_1,5,0.172254605,2.01E-05,0.294347423,1.41E-13,0.122092818,0.150647,0.000197578,0.295576744,1.10E-13,-0.021607605,-0.143700423,0.123322139,0.001229321
37,18_1,6,0.110904213,0.006277277,0.250706457,3.87E-10,0.139802244,0.151872902,0.000174915,0.27720329,3.75E-12,0.040968689,-0.098833555,0.166299077,0.026496833
31,18_1,7,0.073499609,0.070597911,0.276427166,4.32E-12,0.202927557,0.165847461,4.08E-05,0.302904476,2.52E-14,0.092347852,-0.110579705,0.229404867,0.02647731
32,18_1,8,0.086642456,0.03296651,0.251925262,3.16E-10,0.165282807,0.118106475,0.003595496,0.260677779,7.18E-11,0.031464019,-0.133818787,0.174035323,0.008752517
33,18_1,9,0.094981946,0.019354144,0.258680226,1.01E-10,0.163698279,0.196837225,1.04E-06,0.282118223,1.50E-12,0.101855279,-0.061843001,0.187136277,0.023437997
48,18_2,0,0.182006221,6.52E-06,0.266796731,2.46E-11,0.084790511,0.143014611,0.000413209,0.337265044,1.38E-17,-0.03899161,-0.12378212,0.155258823,0.070468313
43,18_2,1,0.132713187,0.001057516,0.241440122,1.74E-09,0.108726936,0.090083055,0.026588115,0.239547031,2.34E-09,-0.042630132,-0.151357067,0.106833844,-0.001893091
49,18_2,2,0.143792734,0.000383892,0.219648298,4.69E-08,0.075855564,0.161119612,6.77E-05,0.22985221,1.04E-08,0.017326878,-0.058528686,0.086059476,0.010203912
41,18_2,3,0.151737548,0.000177292,0.286296302,6.76E-13,0.134558754,0.125471166,0.001970834,0.30312159,2.41E-14,-0.026266382,-0.160825136,0.151384042,0.016825288
45,18_2,4,0.149976819,0.000211104,0.243614543,1.23E-09,0.093637724,0.143221661,0.000405211,0.266835278,2.45E-11,-0.006755158,-0.100392882,0.116858459,0.023220735
42,18_2,5,0.121767797,0.002677217,0.239393138,2.40E-09,0.117625341,0.153473196,0.000148987,0.260279898,7.69E-11,0.031705399,-0.085919942,0.138512101,0.02088676
44,18_2,6,0.154752347,0.000130906,0.254076513,2.21E-10,0.099324166,0.137983452,0.000659125,0.281654255,1.63E-12,-0.016768895,-0.116093061,0.126901908,0.027577742
46,18_2,7,0.102018048,0.011979119,0.19364667,1.57E-06,0.091628622,0.178733967,9.58E-06,0.264161134,3.92E-11,0.076715919,-0.014912703,0.162143086,0.070514464
40,18_2,8,0.128382124,0.001540305,0.318756913,8.88E-16,0.190374789,0.119486836,0.003220136,0.321826021,4.54E-16,-0.008895288,-0.199270077,0.193443897,0.003069108
47,18_2,9,0.214631463,9.56E-08,0.304000144,2.01E-14,0.089368681,0.218208321,5.76E-08,0.299224808,5.32E-14,0.003576858,-0.085791823,0.084593345,-0.004775336
54,18_3,0,0.224879668,2.19E-08,0.333478972,3.31E-17,0.108599304,0.226670936,1.68E-08,0.34016402,7.01E-18,0.001791268,-0.106808036,0.115284352,0.006685048
59,18_3,1,0.17068397,2.40E-05,0.256925562,1.36E-10,0.086241592,0.162846726,5.64E-05,0.283591112,1.13E-12,-0.007837244,-0.094078836,0.112907142,0.02666555
53,18_3,2,0.206126446,3.07E-07,0.32073193,5.77E-16,0.114605484,0.191683157,2.00E-06,0.320935026,5.52E-16,-0.014443289,-0.129048773,0.11480858,0.000203096
58,18_3,3,0.198230703,8.71E-07,0.286872773,6.05E-13,0.088642071,0.175903641,1.33E-05,0.309722094,6.12E-15,-0.022327062,-0.110969132,0.111491391,0.022849321
50,18_3,4,0.154922492,0.000128663,0.305104974,1.60E-14,0.150182482,0.200864473,6.18E-07,0.286180508,6.91E-13,0.045941981,-0.104240501,0.131258016,-0.018924466
56,18_3,5,0.174550149,1.55E-05,0.275246893,5.37E-12,0.100696744,0.165038637,4.46E-05,0.285307061,8.17E-13,-0.009511512,-0.110208256,0.110756912,0.010060168
52,18_3,6,0.137630357,0.000680692,0.258026579,1.13E-10,0.120396222,0.171239002,2.25E-05,0.299570299,4.96E-14,0.033608645,-0.086787577,0.161939942,0.04154372
57,18_3,7,0.199072362,7.81E-07,0.291117322,2.66E-13,0.09204496,0.218698398,5.37E-08,0.313826421,2.57E-15,0.019626036,-0.072418924,0.114754059,0.022709099
51,18_3,8,0.155934382,0.00011605,0.294001244,1.51E-13,0.138066863,0.144891788,0.000345775,0.274600433,6.05E-12,-0.011042594,-0.149109456,0.118666051,-0.019400811
55,18_3,9,0.182678934,6.01E-06,0.288481281,4.44E-13,0.105802347,0.143856117,0.000381592,0.292651278,1.97E-13,-0.038822817,-0.144625164,0.109972344,0.004169997
65,24_1,0,0.410663165,3.65E-14,0.479838534,1.98E-19,0.069175369,0.3483882,2.32E-10,0.414501233,2.00E-14,-0.062274965,-0.131450334,0.003838068,-0.065337301
60,24_1,1,0.336668693,9.85E-10,0.498720227,4.37E-21,0.162051534,0.2955409,9.97E-08,0.432444439,1.08E-15,-0.041127793,-0.203179327,0.095775746,-0.066275788
66,24_1,2,0.354571606,1.05E-10,0.410807066,3.57E-14,0.05623546,0.290605833,1.66E-07,0.317975974,8.76E-09,-0.063965773,-0.120201233,-0.036595632,-0.092831092
68,24_1,3,0.38637358,1.39E-12,0.428459226,2.09E-15,0.042085646,0.288822268,1.99E-07,0.415238146,1.78E-14,-0.097551312,-0.139636958,0.028864566,-0.01322108
63,24_1,4,0.410641564,3.66E-14,0.490467903,2.38E-20,0.07982634,0.356176831,8.57E-11,0.376612833,5.51E-12,-0.054464733,-0.134291072,-0.034028731,-0.11385507
64,24_1,5,0.429107356,1.88E-15,0.50551648,1.04E-21,0.076409125,0.296143685,9.37E-08,0.451042543,4.32E-17,-0.132963671,-0.209372795,0.021935187,-0.054473937
69,24_1,6,0.355808307,8.99E-11,0.388860987,9.69E-13,0.03305268,0.275103893,7.68E-07,0.463767987,4.26E-18,-0.080704414,-0.113757094,0.10795968,0.074907
67,24_1,7,0.424866936,3.77E-15,0.469607465,1.42E-18,0.04474053,0.380258002,3.31E-12,0.362208292,3.89E-11,-0.044608934,-0.089349463,-0.062658644,-0.107399173
61,24_1,8,0.388369241,1.04E-12,0.482779895,1.11E-19,0.094410654,0.32214724,5.45E-09,0.379339664,3.77E-12,-0.066222001,-0.160632655,-0.009029577,-0.103440231
62,24_1,9,0.269555624,1.30E-06,0.350068972,1.87E-10,0.080513348,0.310940571,1.92E-08,0.316726908,1.01E-08,0.041384947,-0.039128401,0.047171284,-0.033342064
74,24_2,0,0.288358836,2.08E-07,0.404443161,9.53E-14,0.116084326,0.298892026,7.03E-08,0.457858608,1.26E-17,0.01053319,-0.105551135,0.169499772,0.053415447
71,24_2,1,0.367992195,1.80E-11,0.528493046,6.44E-24,0.160500851,0.460525517,7.76E-18,0.549136112,4.74E-26,0.092533322,-0.067967529,0.181143917,0.020643066
72,24_2,2,0.338904426,7.51E-10,0.497804359,5.29E-21,0.158899933,0.278076168,5.77E-07,0.536226843,1.06E-24,-0.060828258,-0.219728191,0.197322417,0.038422484
73,24_2,3,0.332366751,1.65E-09,0.464316628,3.85E-18,0.131949878,0.338444912,7.94E-10,0.460834698,7.33E-18,0.006078161,-0.125871716,0.128467947,-0.00348193
76,24_2,4,0.315682773,1.13E-08,0.421537672,6.48E-15,0.105854899,0.272446648,9.90E-07,0.453466511,2.80E-17,-0.043236125,-0.149091024,0.137783738,0.031928839
75,24_2,5,0.307921224,2.67E-08,0.4142491,2.08E-14,0.106327876,0.31004347,2.12E-08,0.442585656,1.91E-16,0.002122246,-0.10420563,0.134664432,0.028336556
79,24_2,6,0.372003298,1.04E-11,0.470148103,1.28E-18,0.098144805,0.361253834,4.41E-11,0.478014172,2.83E-19,-0.010749464,-0.108894269,0.106010874,0.007866069
70,24_2,7,0.327202441,3.04E-09,0.512189958,2.48E-22,0.184987517,0.320850303,6.32E-09,0.547136917,7.74E-26,-0.006352138,-0.191339655,0.219934476,0.034946959
77,24_2,8,0.35203865,1.46E-10,0.457083225,1.46E-17,0.105044576,0.33268775,1.59E-09,0.486798392,4.99E-20,-0.0193509,-0.124395475,0.134759742,0.029715167
78,24_2,9,0.358539469,6.30E-11,0.459226532,9.84E-18,0.100687063,0.324016893,4.40E-09,0.500903233,2.77E-21,-0.034522576,-0.135209639,0.142363764,0.041676701
85,24_3,0,0.576195815,4.41E-29,0.53555635,1.25E-24,-0.040639465,0.25974496,3.21E-06,0.533636667,1.95E-24,-0.316450855,-0.27581139,-0.042559148,-0.001919683
81,24_3,1,0.542859153,2.19E-25,0.550171483,3.67E-26,0.00731233,0.236480287,2.37E-05,0.546978966,8.04E-26,-0.306378866,-0.313691196,0.004119813,-0.003192517
86,24_3,2,0.527611331,7.89E-24,0.483282572,1.01E-19,-0.04432876,0.276650691,6.62E-07,0.515574075,1.18E-22,-0.25096064,-0.206631881,-0.012037256,0.032291503
88,24_3,3,0.539513082,4.88E-25,0.466187854,2.71E-18,-0.073325228,0.259981565,3.14E-06,0.466642931,2.49E-18,-0.279531517,-0.206206289,-0.072870151,0.000455077
82,24_3,4,0.436037606,5.87E-16,0.419194711,9.46E-15,-0.016842895,0.27772594,5.96E-07,0.437799009,4.35E-16,-0.158311666,-0.141468771,0.001761403,0.018604298
89,24_3,5,0.570482204,2.03E-28,0.491621247,1.89E-20,-0.078860957,0.258056282,3.73E-06,0.499174991,3.97E-21,-0.312425922,-0.233564965,-0.071307213,0.007553744
87,24_3,6,0.496478326,6.96E-21,0.436763693,5.19E-16,-0.059714632,0.234175861,2.85E-05,0.456769816,1.54E-17,-0.262302465,-0.202587832,-0.03970851,0.020006123
80,24_3,7,0.49143783,1.96E-20,0.506492837,8.47E-22,0.015055007,0.222066391,7.41E-05,0.523819328,1.87E-23,-0.269371439,-0.284426446,0.032381498,0.017326491
84,24_3,8,0.41497968,1.85E-14,0.381719591,2.69E-12,-0.033260089,0.198744157,0.000404046,0.423600183,4.64E-15,-0.216235523,-0.182975434,0.008620503,0.041880592
83,24_3,9,0.424937495,3.73E-15,0.396859248,2.99E-13,-0.028078247,0.24079501,1.66E-05,0.4077959,5.69E-14,-0.184142485,-0.156064238,-0.017141595,0.010936652
92,26,0,0.305862519,4.30E-08,0.372309128,1.46E-11,0.066446609,0.134637307,0.018076808,0.350708132,2.42E-10,-0.171225212,-0.237671821,0.044845613,-0.021600996
91,26,1,0.271402611,1.33E-06,0.342845663,6.38E-10,0.071443052,0.057861048,0.311453617,0.328612851,3.45E-09,-0.213541563,-0.284984615,0.05721024,-0.014232812
98,26,2,0.284946497,3.65E-07,0.271124327,1.37E-06,-0.01382217,0.271409302,1.33E-06,0.271465313,1.33E-06,-0.013537195,0.000284975,-0.013481184,0.000340986
93,26,3,0.101635136,0.074904042,0.156388905,0.0059523,0.054753769,0.138728942,0.014827027,0.163185161,0.004085083,0.037093806,-0.017659963,0.061550025,0.006796256
95,26,4,0.295309236,1.29E-07,0.316904328,1.30E-08,0.021595092,0.046397201,0.417139564,0.303416905,5.58E-08,-0.248912035,-0.270507127,0.008107669,-0.013487423
97,26,5,0.107813686,0.058765802,0.099672202,0.080727752,-0.008141484,0.10523575,0.065111012,0.11653832,0.040964179,-0.002577936,0.005563548,0.008724634,0.016866118
90,26,6,0.245010493,1.37E-05,0.336414511,1.38E-09,0.091404018,0.071114879,0.213292545,0.401000091,2.51E-13,-0.173895614,-0.265299632,0.155989598,0.06458558
96,26,7,0.229621878,4.74E-05,0.243613006,1.54E-05,0.013991128,0.143810402,0.011512419,0.238908988,2.26E-05,-0.085811476,-0.099802604,0.00928711,-0.004704018
99,26,8,0.275458443,9.11E-07,0.25668562,5.04E-06,-0.018772824,0.073431478,0.198717874,0.255883326,5.40E-06,-0.202026965,-0.183254142,-0.019575117,-0.000802294
94,26,9,0.303493544,5.53E-08,0.330643765,2.73E-09,0.027150221,0.100338324,0.078711783,0.359682626,7.73E-11,-0.20315522,-0.230305441,0.056189082,0.029038861
108,27,0,0.359855306,6.03E-17,0.365367332,1.86E-17,0.005512026,0.281325858,1.12E-10,0.353622624,2.22E-16,-0.078529448,-0.084041474,-0.006232682,-0.011744708
102,27,1,0.387926022,1.18E-19,0.408748655,7.72E-22,0.020822633,0.330631593,2.13E-14,0.38023042,6.93E-19,-0.057294429,-0.078117062,-0.007695602,-0.028518235
100,27,2,0.340274903,3.29E-15,0.382542752,4.09E-19,0.042267849,0.250489576,1.08E-08,0.341134993,2.78E-15,-0.089785327,-0.132053176,0.00086009,-0.041407759
105,27,3,0.370874691,5.61E-18,0.383543686,3.25E-19,0.012668995,0.285715683,5.58E-11,0.349209288,5.50E-16,-0.085159008,-0.097828003,-0.021665403,-0.034334398
104,27,4,0.431834124,1.90E-24,0.446927294,2.90E-26,0.01509317,0.319426041,1.72E-13,0.44382481,6.96E-26,-0.112408083,-0.127501253,0.011990686,-0.003102484
103,27,5,0.385617595,2.02E-19,0.403435621,2.88E-21,0.017818026,0.311865347,6.73E-13,0.431344927,2.17E-24,-0.073752248,-0.091570274,0.045727332,0.027909306
107,27,6,0.399220643,8.06E-21,0.405876061,1.58E-21,0.006655418,0.313576511,4.96E-13,0.365884354,1.66E-17,-0.085644132,-0.09229955,-0.033336289,-0.039991707
106,27,7,0.381265379,5.48E-19,0.390107764,7.09E-20,0.008842385,0.299914636,5.36E-12,0.360503358,5.26E-17,-0.081350743,-0.090193128,-0.020762021,-0.029604406
109,27,8,0.382502801,4.13E-19,0.387614836,1.27E-19,0.005112035,0.310821331,8.10E-13,0.372943363,3.55E-18,-0.07168147,-0.076793505,-0.009559438,-0.014671473
101,27,9,0.369845102,7.03E-18,0.407913853,9.51E-22,0.038068752,0.284468835,6.81E-11,0.352504241,2.80E-16,-0.085376267,-0.123445018,-0.017340861,-0.055409612
110,28_1,0,0.046756873,0.426037739,0.261091553,6.15E-06,0.21433468,0.07566877,0.197282838,0.257069537,8.63E-06,0.028911897,-0.185422783,0.210312664,-0.004022016
115,28_1,1,0.050326469,0.391536921,0.182205391,0.001769705,0.131878922,0.108540819,0.063987538,0.195598167,0.000777833,0.05821435,-0.073664572,0.145271698,0.013392776
116,28_1,2,0.076443707,0.192720093,0.207898622,0.000348237,0.131454915,0.140491819,0.016289906,0.244356741,2.42E-05,0.064048112,-0.067406803,0.167913034,0.036458119
118,28_1,3,0.088546519,0.131155707,0.210175551,0.000298551,0.121629032,0.165642108,0.004539957,0.21798219,0.000173933,0.077095589,-0.044533443,0.129435671,0.007806639
113,28_1,4,0.089085108,0.128818219,0.225823369,9.91E-05,0.136738261,0.150020632,0.010255245,0.230122785,7.22E-05,0.060935524,-0.075802737,0.141037677,0.004299416
117,28_1,5,0.061402141,0.295687191,0.192060482,0.000971628,0.130658341,0.132857706,0.023170577,0.212507945,0.000254563,0.071455565,-0.059202776,0.151105804,0.020447463
119,28_1,6,0.141257426,0.015710225,0.25705512,8.64E-06,0.115797694,0.150966736,0.009780945,0.270014419,2.85E-06,0.00970931,-0.106088384,0.128756993,0.012959299
112,28_1,7,0.117247915,0.045300952,0.278131921,1.38E-06,0.160884006,0.186352136,0.001380038,0.281883488,9.79E-07,0.069104221,-0.091779785,0.164635573,0.003751567
111,28_1,8,0.111617497,0.056767508,0.30469869,1.09E-07,0.193081193,0.219676696,0.00015429,0.256024012,9.41E-06,0.108059199,-0.085021994,0.144406515,-0.048674678
114,28_1,9,0.151449365,0.009546568,0.285740752,6.84E-07,0.134291387,0.164982125,0.004705714,0.299561613,1.82E-07,0.01353276,-0.120758627,0.148112248,0.013820861
127,28_2,0,-0.106363109,0.069540935,0.072004885,0.219922081,0.178367995,-0.028319513,0.629844983,0.125764237,0.031683635,0.078043596,-0.100324398,0.232127346,0.053759352
129,28_2,1,-0.052511523,0.371276155,0.119395031,0.041472948,0.171906555,-0.055967685,0.3405793,0.142264316,0.014975387,-0.003456162,-0.175362716,0.194775839,0.022869285
120,28_2,2,-0.053192766,0.365094144,0.251062194,1.42E-05,0.30425496,0.060366236,0.303925382,0.276315782,1.63E-06,0.113559002,-0.190695958,0.329508548,0.025253588
125,28_2,3,-0.043193711,0.462173983,0.150809282,0.009858506,0.194002993,-0.015079081,0.797502389,0.168608013,0.003858156,0.02811463,-0.165888363,0.211801724,0.017798731
128,28_2,4,-0.022826879,0.697687933,0.15220193,0.009191038,0.175028809,0.042809142,0.466173337,0.185229208,0.001476939,0.065636021,-0.109392788,0.208056087,0.033027278
124,28_2,5,-0.030411085,0.604768374,0.176709811,0.002441081,0.207120896,0.019118873,0.744929914,0.202092804,0.000511866,0.049529958,-0.157590938,0.232503889,0.025382993
121,28_2,6,-0.054188548,0.356173643,0.197408978,0.000693085,0.251597526,0.061808501,0.292496558,0.277500098,1.46E-06,0.115997049,-0.135600477,0.331688646,0.08009112
126,28_2,7,-0.007879157,0.893352221,0.185259475,0.001474248,0.193138632,0.016675546,0.776602468,0.168749942,0.003827981,0.024554703,-0.168583929,0.176629099,-0.016509533
122,28_2,8,-0.046854114,0.425075107,0.175720392,0.002584125,0.222574507,0.022792018,0.698127029,0.200090576,0.000583158,0.069646132,-0.152928374,0.24694469,0.024370184
123,28_2,9,-0.086459859,0.140521765,0.129953098,0.026382209,0.216412957,0.017200841,0.769759863,0.122858884,0.035872974,0.1036607,-0.112752257,0.209318743,-0.007094214
138,28_3,0,-0.016514195,0.778707758,0.165776421,0.004506875,0.182290616,-0.001146654,0.984434268,0.171864994,0.003217189,0.015367541,-0.166923075,0.188379189,0.006088573
133,28_3,1,-0.078488932,0.181049412,0.171042128,0.0033693,0.24953106,0.038185808,0.515719586,0.226237984,9.62E-05,0.11667474,-0.13285632,0.304726916,0.055195856
132,28_3,2,-0.003372061,0.954246625,0.261156478,6.12E-06,0.264528539,0.071754091,0.221536924,0.298559332,2.00E-07,0.075126152,-0.189402387,0.301931393,0.037402854
139,28_3,3,-0.0431022,0.463123923,0.13470386,0.021309762,0.17780606,-0.053326539,0.36388776,0.192738814,0.000931331,-0.010224339,-0.188030399,0.235841014,0.058034954
134,28_3,4,-0.104299379,0.075161066,0.142434693,0.01485407,0.246734072,-0.038768768,0.509325979,0.112376301,0.055094483,0.065530611,-0.181203461,0.21667568,-0.030058392
137,28_3,5,0.030544422,0.603184954,0.226880012,9.18E-05,0.19633559,0.029600325,0.614436073,0.229262078,7.70E-05,-0.000944097,-0.197279687,0.198717656,0.002382066
136,28_3,6,-0.097588821,0.096028381,0.116503185,0.046696087,0.214092006,-0.000723611,0.990176661,0.0991103,0.090932767,0.09686521,-0.117226796,0.196699121,-0.017392885
135,28_3,7,-0.079759845,0.174065092,0.148173549,0.011240255,0.227933394,-0.035897013,0.54121659,0.188890234,0.001182131,0.043862832,-0.184070562,0.268650079,0.040716685
131,28_3,8,-0.035508763,0.54560299,0.235517079,4.81E-05,0.271025842,-0.004777362,0.935214588,0.254585351,1.06E-05,0.030731401,-0.240294441,0.290094114,0.019068272
130,28_3,9,-0.050008237,0.394542407,0.260409076,6.52E-06,0.310417314,0.039043663,0.506325469,0.244646817,2.37E-05,0.0890519,-0.221365413,0.294655054,-0.015762259
140,30,0,-0.193814711,0.000117237,0.068528179,0.176834104,0.26234289,-0.00400853,0.937105521,0.138370284,0.006200219,0.189806181,-0.072536709,0.332184995,0.069842105
147,30,1,-0.191954153,0.000136652,0.025452762,0.616287009,0.217406915,-0.087388376,0.084790693,0.072211118,0.154638609,0.104565777,-0.112841138,0.264165271,0.046758356
145,30,2,-0.192930136,0.00012612,0.038018832,0.454054634,0.230948968,-0.042654735,0.400884815,0.101424179,0.045316765,0.150275401,-0.080673567,0.294354315,0.063405347
144,30,3,-0.188792186,0.000176724,0.054131336,0.286261457,0.242923522,0.010903928,0.830039816,0.071163479,0.160726036,0.199696114,-0.043227408,0.259955665,0.017032143
141,30,4,-0.229057158,4.88E-06,0.023217824,0.647595475,0.252274982,0.020890646,0.680868814,0.060493038,0.23330087,0.249947804,-0.002327178,0.289550196,0.037275214
146,30,5,-0.259558898,2.01E-07,-0.037100112,0.465042893,0.222458787,-0.113671289,0.024774343,-0.010093438,0.842501596,0.145887609,-0.076571177,0.24946546,0.027006674
142,30,6,-0.139844067,0.00566719,0.108610167,0.032005559,0.248454234,0.043033788,0.396708686,0.163410986,0.00120141,0.182877855,-0.065576379,0.303255053,0.054800819
149,30,7,-0.171441108,0.000673786,0.034050614,0.502550748,0.205491722,-0.024902929,0.623928075,0.030130926,0.553005262,0.146538179,-0.058953543,0.201572034,-0.003919688
148,30,8,-0.154958457,0.002148348,0.053308481,0.293660288,0.208266938,-0.020109588,0.692180391,0.045418562,0.371039798,0.134848869,-0.073418069,0.200377019,-0.007889919
143,30,9,-0.243016826,1.19E-06,0.001473862,0.976854206,0.244490688,-0.058432276,0.249639751,0.070779256,0.163003251,0.18458455,-0.059906138,0.313796082,0.069305394
157,36,0,0.535022655,1.25E-44,0.601376229,8.17E-59,0.066353573,0.450912885,1.22E-30,0.569549159,1.32E-51,-0.08410977,-0.150463344,0.034526504,-0.03182707
159,36,1,0.539324288,1.87E-45,0.60289953,3.52E-59,0.063575243,0.455995643,2.22E-31,0.554478061,1.84E-48,-0.083328645,-0.146903887,0.015153773,-0.048421469
158,36,2,0.516546031,3.26E-41,0.581642362,2.98E-54,0.065096331,0.439211846,5.51E-29,0.565573857,9.22E-51,-0.077334185,-0.142430516,0.049027826,-0.016068505
156,36,3,0.507086641,1.52E-39,0.57507945,8.38E-53,0.067992808,0.436273957,1.40E-28,0.549590217,1.79E-47,-0.070812684,-0.138805493,0.042503576,-0.025489233
155,36,4,0.521615854,3.95E-42,0.593267171,6.68E-57,0.071651317,0.463063439,1.98E-32,0.591953927,1.35E-56,-0.058552415,-0.130203732,0.070338073,-0.001313244
151,36,5,0.491198111,7.41E-37,0.586794408,2.06E-55,0.095596297,0.424968057,4.70E-27,0.56430778,1.70E-50,-0.066230054,-0.161826351,0.073109669,-0.022486628
154,36,6,0.526432754,5.15E-43,0.600668977,1.21E-58,0.074236223,0.456969398,1.60E-31,0.561333887,7.15E-50,-0.069463356,-0.143699579,0.034901133,-0.03933509
150,36,7,0.497410234,6.85E-38,0.627031148,3.05E-65,0.129620915,0.411021363,2.98E-25,0.56656472,5.69E-51,-0.086388871,-0.216009785,0.069154486,-0.060466428
153,36,8,0.518632612,1.37E-41,0.598451964,4.06E-58,0.079819352,0.444823376,9.03E-30,0.576892405,3.36E-53,-0.073809236,-0.153628588,0.058259793,-0.021559559
152,36,9,0.511898717,2.18E-40,0.600708165,1.18E-58,0.088809447,0.444125334,1.13E-29,0.580629938,5.01E-54,-0.067773383,-0.156582831,0.068731221,-0.020078227
162,37_1,0,0.262618095,2.67E-07,0.338483463,1.89E-11,0.075865368,0.237583482,3.49E-06,0.298019124,4.35E-09,-0.025034613,-0.100899981,0.035401029,-0.040464339
169,37_1,1,0.297636472,4.56E-09,0.302479632,2.48E-09,0.00484316,0.291080277,1.02E-08,0.308499308,1.15E-09,-0.006556195,-0.011399355,0.010862836,0.006019676
165,37_1,2,0.314049832,5.55E-10,0.353214357,2.12E-12,0.039164525,0.289890644,1.18E-08,0.270479995,1.12E-07,-0.024159188,-0.063323713,-0.043569837,-0.082734362
163,37_1,3,0.268102599,1.46E-07,0.334423636,3.38E-11,0.066321037,0.273243677,8.24E-08,0.348383819,4.39E-12,0.005141078,-0.061179959,0.08028122,0.013960183
160,37_1,4,0.293420449,7.67E-09,0.380357891,2.76E-14,0.086937442,0.294186255,6.99E-09,0.273670375,7.85E-08,0.000765806,-0.086171636,-0.019750074,-0.106687516
167,37_1,5,0.291144854,1.01E-08,0.318978724,2.88E-10,0.02783387,0.278231321,4.66E-08,0.312375088,6.93E-10,-0.012913533,-0.040747403,0.021230234,-0.006603636
168,37_1,6,0.294752441,6.52E-09,0.318502709,3.07E-10,0.023750268,0.287089467,1.65E-08,0.253888579,6.74E-07,-0.007662974,-0.031413242,-0.040863862,-0.06461413
164,37_1,7,0.251038227,9.06E-07,0.314439025,5.28E-10,0.063400798,0.273141064,8.33E-08,0.271800288,9.69E-08,0.022102837,-0.041297961,0.020762061,-0.042638737
161,37_1,8,0.327412197,9.07E-11,0.404129957,4.36E-16,0.076717761,0.271105407,1.05E-07,0.370357744,1.43E-13,-0.05630679,-0.13302455,0.042945547,-0.033772213
166,37_1,9,0.240036987,2.74E-06,0.273867757,7.67E-08,0.03383077,0.294015808,7.13E-09,0.263852682,2.33E-07,0.053978821,0.020148051,0.023815695,-0.010015075
171,38,0,0.400822421,4.69E-15,0.539243556,5.08E-28,0.138421135,0.308676014,3.14E-09,0.483907116,4.04E-22,-0.092146407,-0.230567542,0.083084695,-0.05533644
179,38,1,0.453030778,2.88E-19,0.540861195,3.29E-28,0.087830416,,,0.43220734,1.69E-17,,,-0.020823438,-0.108653855
175,38,2,0.446354395,1.10E-18,0.55779003,2.97E-30,0.111435635,0.415224028,3.81E-16,0.499682624,1.08E-23,-0.031130367,-0.142566002,0.053328229,-0.058107406
170,38,3,0.360801972,2.72E-12,0.526539703,1.44E-26,0.16573773,0.22156795,2.66E-05,0.516837884,1.68E-25,-0.139234022,-0.304971753,0.156035912,-0.009701819
172,38,4,0.421757925,1.17E-16,0.546810701,6.48E-29,0.125052775,0.410049908,9.53E-16,0.526795419,1.35E-26,-0.011708017,-0.136760793,0.105037494,-0.020015282
177,38,5,0.419341087,1.82E-16,0.508017778,1.47E-24,0.088676691,0.344830431,2.72E-11,0.477019558,1.85E-21,-0.074510656,-0.163187347,0.057678471,-0.03099822
176,38,6,0.434932855,1.01E-17,0.526368251,1.50E-26,0.091435396,0.298789433,1.03E-08,0.498707825,1.35E-23,-0.136143422,-0.227578818,0.06377497,-0.027660426
173,38,7,0.400770785,4.73E-15,0.524855687,2.21E-26,0.124084902,0.453536667,2.60E-19,0.476807148,1.94E-21,0.052765882,-0.07131902,0.076036363,-0.048048539
174,38,8,0.449114162,6.33E-19,0.560729639,1.28E-30,0.111615477,0.30640011,4.15E-09,0.504164275,3.72E-24,-0.142714052,-0.254329529,0.055050113,-0.056565364
178,38,9,0.44790273,8.06E-19,0.535806059,1.27E-27,0.087903329,0.435794646,8.54E-18,0.53082403,4.73E-27,-0.012108084,-0.100011413,0.0829213,-0.004982029
183,39,0,0.138270731,0.000295654,0.35276886,2.18E-21,0.214498129,0.210321194,3.02E-08,0.353033406,2.03E-21,0.072050463,-0.142447666,0.214762675,0.000264546
186,39,1,0.108580378,0.004558292,0.312268293,7.21E-17,0.203687914,0.244456081,1.01E-10,0.257441276,9.03E-12,0.135875703,-0.067812212,0.148860898,-0.054827017
182,39,2,0.216814234,1.09E-08,0.451537756,1.62E-35,0.234723523,0.300479712,1.12E-15,0.396412349,4.76E-27,0.083665478,-0.151058044,0.179598115,-0.055125407
185,39,3,0.150227074,8.30E-05,0.357823326,5.33E-22,0.207596252,0.272496539,4.64E-13,0.375591541,3.06E-24,0.122269465,-0.085326787,0.225364467,0.017768215
188,39,4,0.133345471,0.000484867,0.32984584,9.53E-19,0.196500369,0.209966236,3.18E-08,0.310729228,1.04E-16,0.076620765,-0.119879604,0.177383757,-0.019116612
181,39,5,0.143084861,0.00017941,0.379783953,8.65E-25,0.236699092,0.225522972,2.66E-09,0.346033175,1.37E-20,0.082438111,-0.154260981,0.202948314,-0.033750778
189,39,6,0.154443924,5.18E-05,0.35019086,4.44E-21,0.195746936,0.264753399,2.19E-12,0.336763457,1.61E-19,0.110309475,-0.085437461,0.182319533,-0.013427403
180,39,7,0.126658944,0.000924441,0.38634137,1.15E-25,0.259682426,0.240983674,1.87E-10,0.372870138,6.89E-24,0.11432473,-0.145357696,0.246211194,-0.013471232
184,39,8,0.179259499,2.51E-06,0.392941828,1.45E-26,0.213682329,0.249992239,3.66E-11,0.347502489,9.23E-21,0.07073274,-0.142949589,0.16824299,-0.045439339
187,39,9,0.156025321,4.33E-05,0.356549485,7.63E-22,0.200524164,0.294719836,4.10E-15,0.369094632,2.10E-23,0.138694515,-0.061829649,0.213069311,0.012545147
195,40_1,0,0.126199804,0.004795316,0.293585315,2.34E-11,0.167385512,0.127505617,0.004373373,0.335303175,1.50E-14,0.001305813,-0.166079698,0.209103371,0.04171786
191,40_1,1,0.133144359,0.002910495,0.333413942,2.15E-14,0.200269583,0.144201996,0.00125186,0.307006698,2.49E-12,0.011057637,-0.189211946,0.173862339,-0.026407244
193,40_1,2,0.110520063,0.013597578,0.294011367,2.18E-11,0.183491304,0.127713952,0.004309248,0.303396587,4.60E-12,0.017193889,-0.166297415,0.192876524,0.00938522
190,40_1,3,0.106498186,0.017435328,0.324131435,1.20E-13,0.217633249,0.13607992,0.00234011,0.352517018,5.12E-16,0.029581734,-0.188051515,0.246018832,0.028385583
192,40_1,4,0.121859903,0.006474393,0.311301602,1.19E-12,0.189441699,0.169919587,0.000138897,0.339912482,6.20E-15,0.048059684,-0.141382015,0.218052579,0.02861088
199,40_1,5,-0.005767425,0.897845893,0.14294681,0.001381864,0.148714235,0.058077241,0.195706147,0.220407371,6.78E-07,0.063844666,-0.084869569,0.226174796,0.077460561
197,40_1,6,0.060277928,0.179272575,0.219884812,7.22E-07,0.159606885,0.104981049,0.019111994,0.224826445,3.99E-07,0.044703121,-0.114903763,0.164548517,0.004941633
196,40_1,7,0.065754639,0.142846309,0.227368947,2.92E-07,0.161614308,0.125829433,0.004921502,0.26291804,2.56E-09,0.060074794,-0.101539514,0.197163401,0.035549093
194,40_1,8,0.083286649,0.06328629,0.254836192,8.02E-09,0.171549543,0.099594645,0.026250304,0.26699178,1.42E-09,0.016307996,-0.155241547,0.183705131,0.012155588
198,40_1,9,0.096351577,0.031573093,0.255584824,7.22E-09,0.159233247,0.106996859,0.016913032,0.247013348,2.33E-08,0.010645282,-0.148587965,0.150661771,-0.008571476
206,40_3,0,0.229951984,2.12E-07,0.31151246,1.14E-12,0.081560476,0.298004463,1.13E-11,0.355952909,2.54E-16,0.068052479,-0.013507997,0.126000925,0.044440449
202,40_3,1,0.194649946,1.22E-05,0.300428382,7.58E-12,0.105778436,0.25015222,1.53E-08,0.318052827,3.61E-13,0.055502274,-0.050276162,0.123402881,0.017624445
200,40_3,2,0.191786735,1.64E-05,0.31719179,4.21E-13,0.125405055,0.237247539,8.43E-08,0.297873295,1.16E-11,0.045460804,-0.079944251,0.10608656,-0.019318495
208,40_3,3,0.243276695,3.84E-08,0.314957138,6.25E-13,0.071680443,0.263592409,2.32E-09,0.314751948,6.49E-13,0.020315714,-0.051364729,0.071475253,-0.00020519
204,40_3,4,0.20884333,2.59E-06,0.292607057,2.74E-11,0.083763727,0.264504048,2.04E-09,0.329818719,4.22E-14,0.055660718,-0.028103009,0.120975389,0.037211662
205,40_3,5,0.23852465,7.15E-08,0.320616067,2.28E-13,0.082091417,0.281307543,1.64E-10,0.32607327,8.44E-14,0.042782893,-0.039308524,0.08754862,0.005457203
201,40_3,6,0.220390906,6.80E-07,0.339679071,6.49E-15,0.119288165,0.233724743,1.32E-07,0.369034439,1.64E-17,0.013333837,-0.105954328,0.148643533,0.029355368
203,40_3,7,0.229956626,2.12E-07,0.314301279,7.02E-13,0.084344653,0.262494173,2.72E-09,0.319519822,2.78E-13,0.032537547,-0.051807106,0.089563196,0.005218543
209,40_3,8,0.215904027,1.15E-06,0.286150088,7.71E-11,0.070246061,0.316626525,4.65E-13,0.327783952,6.15E-14,0.100722498,0.030476437,0.111879925,0.041633864
207,40_3,9,0.269650969,9.59E-10,0.347914693,1.29E-15,0.078263724,0.354675891,3.30E-16,0.337297388,1.03E-14,0.085024922,0.006761198,0.067646419,-0.010617305
213,44,0,0.213376728,9.36E-05,0.383571822,5.22E-13,0.170195095,0.168577164,0.002120918,0.391553939,1.55E-13,-0.044799564,-0.214994658,0.178177211,0.007982117
218,44,1,0.211809043,0.000105673,0.360547732,1.45E-11,0.148738689,0.14564782,0.008050858,0.370201646,3.71E-12,-0.066161223,-0.214899912,0.158392603,0.009653914
216,44,2,0.181981673,0.000896663,0.336688648,3.45E-10,0.154706975,0.132481254,0.016034327,0.385920992,3.66E-13,-0.049500419,-0.204207394,0.203939319,0.049232344
219,44,3,0.216422669,7.38E-05,0.357733603,2.13E-11,0.141310934,0.148283079,0.006967204,0.429569273,2.99E-16,-0.06813959,-0.209450524,0.213146604,0.07183567
212,44,4,0.245242359,6.57E-06,0.422566193,1.01E-15,0.177323834,0.173489646,0.00155798,0.413665782,4.50E-15,-0.071752713,-0.249076547,0.168423423,-0.008900411
217,44,5,0.206437452,0.000158951,0.355284988,2.98E-11,0.148847536,0.033815154,0.540453754,0.377900813,1.21E-12,-0.172622298,-0.321469834,0.171463361,0.022615825
214,44,6,0.126551611,0.021479215,0.283405836,1.64E-07,0.156854225,0.081992696,0.137193677,0.263788293,1.17E-06,-0.044558915,-0.20141314,0.137236682,-0.019617543
210,44,7,0.068934124,0.211670525,0.343331799,1.46E-10,0.274397675,0.049878949,0.366409012,0.351146124,5.21E-11,-0.019055175,-0.29345285,0.282212,0.007814325
211,44,8,0.16808604,0.002186368,0.353190064,3.95E-11,0.185104023,0.112886185,0.040417802,0.340345481,2.16E-10,-0.055199855,-0.240303879,0.172259441,-0.012844583
215,44,9,0.258133487,2.01E-06,0.414171044,4.14E-15,0.156037557,0.123638642,0.024696991,0.425850797,5.71E-16,-0.134494845,-0.290532402,0.16771731,0.011679753
226,48_2,0,0.444257872,2.01E-31,0.467408914,5.01E-35,0.023151042,0.34928182,2.95E-19,0.501150079,8.49E-41,-0.094976052,-0.118127094,0.056892207,0.033741165
223,48_2,1,0.47206597,8.74E-36,0.516209558,1.37E-43,0.044143588,0.344347664,9.97E-19,0.538042188,6.83E-48,-0.127718306,-0.171861894,0.065976218,0.02183263
222,48_2,2,0.450382728,2.38E-32,0.497744444,3.48E-40,0.047361716,0.329587546,3.35E-17,0.52441148,3.61E-45,-0.120795182,-0.168156898,0.074028752,0.026667036
228,48_2,3,0.440439801,7.45E-31,0.452352023,1.19E-32,0.011912222,0.339023768,3.62E-18,0.485588024,4.69E-38,-0.101416033,-0.113328255,0.045148223,0.033236001
229,48_2,4,0.428840687,3.58E-29,0.431706707,1.40E-29,0.00286602,0.362820442,9.32E-21,0.449697757,3.03E-32,-0.066020245,-0.068886265,0.02085707,0.01799105
227,48_2,5,0.423671889,1.92E-28,0.445015954,1.55E-31,0.021344066,0.304570103,8.52E-15,0.4769046,1.38E-36,-0.119101786,-0.140445851,0.053232711,0.031888646
220,48_2,6,0.398823316,4.13E-25,0.532582977,8.71E-47,0.133759662,0.344179557,1.04E-18,0.546963665,9.63E-50,-0.054643759,-0.18840342,0.148140349,0.014380688
225,48_2,7,0.435375204,4.12E-30,0.461263998,4.83E-34,0.025888794,0.3665939,3.45E-21,0.515011038,2.32E-43,-0.068781304,-0.094670098,0.079635834,0.05374704
221,48_2,8,0.444243729,2.02E-31,0.495751201,7.87E-40,0.051507472,0.34609203,6.50E-19,0.548052134,5.67E-50,-0.098151699,-0.149659171,0.103808405,0.052300933
224,48_2,9,0.453974799,6.68E-33,0.486075911,3.86E-38,0.032101112,0.381059354,6.79E-23,0.526831011,1.21E-45,-0.072915445,-0.105016557,0.072856212,0.0407551
233,48_3,0,0.327969013,4.88E-17,0.530304746,2.49E-46,0.202335732,0.298589075,2.96E-14,0.553879467,3.24E-51,-0.029379938,-0.231715671,0.225910454,0.023574721
238,48_3,1,0.297016126,4.10E-14,0.444946613,1.59E-31,0.147930487,0.280264763,1.13E-12,0.430392048,2.15E-29,-0.016751363,-0.16468185,0.133375922,-0.014554565
231,48_3,2,0.341373738,2.06E-18,0.550233202,1.96E-50,0.208859464,0.317726042,4.94E-16,0.543279158,5.69E-49,-0.023647696,-0.23250716,0.20190542,-0.006954044
234,48_3,3,0.310875001,2.22E-15,0.498610968,2.43E-40,0.187735967,0.264521562,2.11E-11,0.516556925,1.18E-43,-0.046353439,-0.234089406,0.205681924,0.017945957
232,48_3,4,0.347313961,4.81E-19,0.55084534,1.45E-50,0.20353138,0.314309288,1.05E-15,0.545281443,2.17E-49,-0.033004673,-0.236536052,0.197967482,-0.005563897
236,48_3,5,0.290869793,1.42E-13,0.449625423,3.11E-32,0.15875563,0.23966776,1.46E-09,0.468395898,3.47E-35,-0.051202033,-0.209957663,0.177526105,0.018770475
235,48_3,6,0.346621019,5.70E-19,0.531751634,1.28E-46,0.185130615,0.298721764,2.88E-14,0.564441607,1.56E-53,-0.047899255,-0.23302987,0.217820588,0.032689973
239,48_3,7,0.33775224,4.91E-18,0.479946494,4.27E-37,0.142194254,0.287327588,2.87E-13,0.498138878,2.95E-40,-0.050424652,-0.192618906,0.160386638,0.018192384
237,48_3,8,0.346948039,5.26E-19,0.500435598,1.14E-40,0.15348756,0.327791952,5.08E-17,0.54154592,1.30E-48,-0.019156087,-0.172643646,0.194597881,0.041110322
230,48_3,9,0.288227355,2.40E-13,0.509509143,2.49E-42,0.221281788,0.254361378,1.26E-10,0.518143429,5.87E-44,-0.033865977,-0.255147765,0.229916074,0.008634286
248,48_4,0,0.389844435,5.66E-24,0.461953351,3.75E-34,0.072108915,0.406333649,4.35E-26,0.476393216,1.68E-36,0.016489214,-0.055619702,0.086548781,0.014439865
243,48_4,1,0.416081138,2.14E-27,0.498109402,2.99E-40,0.082028264,0.444838628,1.65E-31,0.49389701,1.68E-39,0.02875749,-0.053270774,0.077815872,-0.004212392
245,48_4,2,0.396058042,9.34E-25,0.471812212,9.62E-36,0.075754171,0.384959205,2.28E-23,0.490532784,6.53E-39,-0.011098837,-0.086853007,0.094474742,0.018720572
244,48_4,3,0.431931793,1.30E-29,0.51336735,4.73E-43,0.081435557,0.419648807,6.95E-28,0.525889298,1.86E-45,-0.012282986,-0.093718543,0.093957505,0.012521948
241,48_4,4,0.412126364,7.36E-27,0.512990846,5.57E-43,0.100864482,0.39941073,3.47E-25,0.499239397,1.88E-40,-0.012715634,-0.113580116,0.087113033,-0.013751449
246,48_4,5,0.395646777,1.05E-24,0.471365357,1.14E-35,0.07571858,0.420782554,4.85E-28,0.510340653,1.75E-42,0.025135777,-0.050582803,0.114693876,0.038975296
240,48_4,6,0.383731407,3.22E-23,0.503114386,3.74E-41,0.119382979,0.395729101,1.03E-24,0.486298015,3.54E-38,0.011997694,-0.107385285,0.102566608,-0.016816371
247,48_4,7,0.400515268,2.50E-25,0.476135731,1.86E-36,0.075620463,0.404844868,6.83E-26,0.479249628,5.59E-37,0.0043296,-0.071290863,0.07873436,0.003113897
242,48_4,8,0.395433066,1.12E-24,0.477951836,9.24E-37,0.08251877,0.394923031,1.30E-24,0.46100214,5.31E-34,-0.000510035,-0.083028805,0.065569074,-0.016949696
249,48_4,9,0.419416527,7.48E-28,0.490548523,6.49E-39,0.071131996,0.408010978,2.61E-26,0.511898349,8.93E-43,-0.011405549,-0.082537545,0.092481822,0.021349826
257,49_1,0,0.10885314,0.023657772,0.199621789,2.93E-05,0.090768649,0.139929173,0.003564902,0.223480466,2.72E-06,0.031076033,-0.059692616,0.114627326,0.023858677
256,49_1,1,0.122924881,0.010550392,0.231991935,1.09E-06,0.109067054,0.14214242,0.003067789,0.229249399,1.47E-06,0.019217539,-0.089849515,0.106324518,-0.002742536
252,49_1,2,0.042136039,0.382318851,0.188608691,8.00E-05,0.146472652,0.062655932,0.193675258,0.19048061,6.77E-05,0.020519893,-0.125952759,0.148344571,0.001871919
253,49_1,3,0.026940141,0.576558084,0.159973033,0.000847313,0.133032892,0.112407184,0.019440164,0.181278361,0.000151672,0.085467043,-0.047565849,0.15433822,0.021305328
251,49_1,4,0.067450126,0.161676052,0.232087639,1.08E-06,0.164637513,0.164371275,0.000603913,0.210680558,1.01E-05,0.096921149,-0.067716364,0.143230432,-0.021407081
254,49_1,5,0.062600267,0.194072232,0.174846387,0.000260457,0.112246121,0.144634282,0.002584094,0.167451879,0.000473979,0.082034015,-0.030212105,0.104851612,-0.007394508
250,49_1,6,0.064721135,0.179364582,0.23593938,7.05E-07,0.171218245,0.117889722,0.014216439,0.17717129,0.000214678,0.053168587,-0.118049658,0.112450155,-0.05876809
259,49_1,7,0.107090459,0.026028347,0.193185724,5.30E-05,0.086095266,0.159236866,0.000895983,0.172661889,0.000311641,0.052146407,-0.033948858,0.06557143,-0.020523835
258,49_1,8,0.106117599,0.027422325,0.193166814,5.31E-05,0.087049216,0.205405988,1.69E-05,0.227428889,1.79E-06,0.099288389,0.012239174,0.12131129,0.034262075
255,49_1,9,0.057062005,0.236595321,0.169175206,0.000413147,0.112113201,0.169497639,0.000402605,0.200467576,2.70E-05,0.112435634,0.000322433,0.143405571,0.03129237
261,49_2,0,-0.080342032,0.095368076,0.206594991,1.50E-05,0.286937023,-0.055158372,0.252625868,0.239436937,4.76E-07,0.02518366,-0.261753363,0.319778969,0.032841946
269,49_2,1,-0.115631651,0.016196123,0.094654339,0.049290587,0.21028599,-0.07653354,0.112186584,0.084445344,0.079565828,0.039098111,-0.171187879,0.200076995,-0.010208995
265,49_2,2,-0.094099103,0.050643884,0.166040109,0.000529911,0.260139212,-0.030024718,0.533689228,0.231506824,1.15E-06,0.064074385,-0.196064827,0.325605927,0.065466715
263,49_2,3,-0.093311872,0.05261568,0.172845957,0.00030699,0.266157829,-0.016878775,0.726468378,0.211670774,9.12E-06,0.076433097,-0.189724732,0.304982646,0.038824817
262,49_2,4,-0.085501133,0.075863105,0.18466508,0.000113238,0.270166213,-0.015875648,0.742130113,0.213184111,7.84E-06,0.069625485,-0.200540728,0.298685244,0.028519031
266,49_2,5,-0.091915384,0.056270761,0.146239378,0.002310461,0.238154763,-0.092357021,0.055092731,0.183455837,0.000125767,-0.000441637,-0.238596399,0.275371221,0.037216459
260,49_2,6,-0.120367566,0.01229185,0.184158622,0.000118336,0.304526188,-0.033380905,0.488942525,0.219668623,4.05E-06,0.086986661,-0.217539527,0.340036189,0.035510001
268,49_2,7,6.82E-05,0.998872636,0.221092397,3.49E-06,0.221024219,0.025191152,0.601563044,0.287984804,1.07E-09,0.025122952,-0.195901245,0.287916604,0.066892407
264,49_2,8,-0.115207531,0.016593765,0.147311018,0.00214278,0.262518549,-0.089203692,0.063970372,0.18588415,0.000101802,0.026003839,-0.23651471,0.301091681,0.038573132
267,49_2,9,-0.103616342,0.03130422,0.120398892,0.012269068,0.224015233,-0.096250453,0.045567697,0.150535578,0.001703047,0.007365889,-0.216649345,0.25415192,0.030136686
272,49_3,0,0.314559012,2.24E-11,0.39541948,1.28E-17,0.080860469,0.327887093,2.76E-12,0.409872136,6.23E-19,0.013328081,-0.067532387,0.095313124,0.014452656
276,49_3,1,0.3329302,1.22E-12,0.379974178,2.75E-16,0.047043978,0.337347962,5.87E-13,0.381159122,2.19E-16,0.004417762,-0.042626216,0.048228922,0.001184944
271,49_3,2,0.254201244,8.49E-08,0.350605398,6.11E-14,0.096404154,0.296176144,3.40E-10,0.350099949,6.68E-14,0.0419749,-0.054429254,0.095898705,-0.000505449
279,49_3,3,0.273775235,7.26E-09,0.316049003,1.78E-11,0.042273768,0.342973173,2.28E-13,0.353293175,3.81E-14,0.069197938,0.02692417,0.07951794,0.037244172
273,49_3,4,0.287698879,1.12E-09,0.357466673,1.82E-14,0.069767793,0.269010392,1.35E-08,0.391034432,3.11E-17,-0.018688487,-0.088456281,0.103335553,0.033567759
275,49_3,5,0.276119361,5.34E-09,0.329358209,2.18E-12,0.053238848,0.304382143,1.03E-10,0.36723146,3.07E-15,0.028262782,-0.024976066,0.091112099,0.037873251
270,49_3,6,0.292498794,5.72E-10,0.4084148,8.51E-19,0.115916007,0.34627342,1.29E-13,0.386992751,6.96E-17,0.053774626,-0.06214138,0.094493957,-0.021422049
278,49_3,7,0.268948665,1.36E-08,0.311583702,3.52E-11,0.042635036,0.317530324,1.42E-11,0.348032671,9.56E-14,0.048581659,0.005946622,0.079084006,0.036448969
274,49_3,8,0.313655985,2.57E-11,0.37158041,1.36E-15,0.057924425,0.382464498,1.70E-16,0.399779383,5.22E-18,0.068808513,0.010884088,0.086123398,0.028198973
277,49_3,9,0.316456717,1.67E-11,0.362583015,7.22E-15,0.046126298,0.319183817,1.10E-11,0.366753952,3.36E-15,0.0027271,-0.043399198,0.050297235,0.004170937
287,54_2,0,-0.124497574,0.009933634,0.120389913,0.012687111,0.244887487,-0.046508057,0.337119743,0.181537476,0.000159294,0.077989517,-0.16689797,0.30603505,0.061147563
283,54_2,1,-0.179668873,0.000186527,0.080004285,0.098340725,0.259673158,-0.009364954,0.846816979,0.086546313,0.073678442,0.170303919,-0.089369239,0.266215186,0.006542028
289,54_2,2,-0.205506666,1.83E-05,0.035225957,0.467315014,0.240732624,-0.027500603,0.570455788,0.077009441,0.111634857,0.178006063,-0.06272656,0.282516107,0.041783484
288,54_2,3,-0.161795983,0.000780458,0.078995556,0.102670087,0.240791539,0.021919099,0.651129223,0.107793595,0.025745401,0.183715082,-0.057076457,0.269589578,0.028798039
285,54_2,4,-0.222983289,3.19E-06,0.023442647,0.62864607,0.246425937,-0.087603974,0.070210989,0.008781266,0.856257341,0.135379315,-0.111046621,0.231764555,-0.014661381
282,54_2,5,-0.116782244,0.015639542,0.16353354,0.000683273,0.280315784,-0.051987803,0.28322067,0.226316088,2.25E-06,0.064794441,-0.215521343,0.343098332,0.062782548
280,54_2,6,-0.220192947,4.25E-06,0.092869135,0.054880194,0.313062082,0.048050142,0.32132689,0.197292273,3.95E-05,0.268243089,-0.044818993,0.41748522,0.104423138
284,54_2,7,-0.132694937,0.005971293,0.119715548,0.013198402,0.252410485,-0.026277738,0.587720799,0.178122758,0.000212296,0.106417199,-0.145993286,0.310817695,0.05840721
286,54_2,8,-0.182878016,0.000142104,0.063259675,0.191481984,0.246137691,-0.02021983,0.676583028,0.104272427,0.031022936,0.162658186,-0.083479505,0.287150443,0.041012752
281,54_2,9,-0.211187487,1.05E-05,0.085972949,0.075615727,0.297160436,-0.037783904,0.435584023,0.086385045,0.074219201,0.173403583,-0.123756853,0.297572532,0.000412096
292,58,0,0.0280309,0.559397389,0.191766295,5.57E-05,0.163735395,-0.137967624,0.003896844,0.164271516,0.000573886,-0.165998524,-0.329733919,0.136240616,-0.027494779
297,58,1,0.018648724,0.697784637,0.11977186,0.01232341,0.101123135,-0.083464852,0.081712906,0.146291879,0.002195799,-0.102113576,-0.203236712,0.127643155,0.026520019
294,58,2,0.020643054,0.667306205,0.157353102,0.00097808,0.136710048,-0.176724204,0.000208287,0.166917301,0.000465408,-0.197367258,-0.334077306,0.146274247,0.009564199
296,58,3,0.013699051,0.775462727,0.123310561,0.009958953,0.10961151,-0.108419792,0.02357102,0.111217265,0.020188376,-0.122118843,-0.231730353,0.097518214,-0.012093296
299,58,4,-0.006771271,0.887882565,0.084617403,0.077570901,0.091388674,-0.159260601,0.000846159,0.050884023,0.289087145,-0.15248933,-0.243878004,0.057655294,-0.03373338
290,58,5,0.030356991,0.527257117,0.209692229,1.01E-05,0.179335238,-0.11204074,0.019276732,0.269523598,1.08E-08,-0.142397731,-0.321732969,0.239166607,0.059831369
293,58,6,0.034104821,0.477523162,0.189425614,6.89E-05,0.155320793,-0.096099271,0.044910174,0.181957174,0.00013323,-0.130204092,-0.285524885,0.147852353,-0.00746844
298,58,7,0.028357699,0.554825282,0.123020849,0.010136151,0.09466315,-0.108904292,0.022952268,0.076590738,0.110261915,-0.137261991,-0.231925141,0.048233039,-0.046430111
295,58,8,0.039679013,0.408538014,0.160993871,0.00074075,0.121314858,-0.168102219,0.000423295,0.170965655,0.000335717,-0.207781232,-0.32909609,0.131286642,0.009971784
291,58,9,0.002732243,0.954635017,0.179527858,0.000164197,0.176795614,-0.072066449,0.132987173,0.150360514,0.00164097,-0.074798692,-0.251594307,0.147628271,-0.029167344
307,59,0,0.256177795,1.55E-10,0.473752213,3.14E-35,0.217574418,0.214429846,9.83E-08,0.460647024,3.66E-33,-0.041747949,-0.259322367,0.204469229,-0.013105189
306,59,1,0.289893271,3.38E-13,0.511013845,1.28E-41,0.221120574,0.224653653,2.26E-08,0.520315559,2.43E-43,-0.065239618,-0.286360192,0.230422288,0.009301714
300,59,2,0.240922537,1.89E-09,0.501656765,6.12E-40,0.260734229,0.206993998,2.74E-07,0.520146759,2.61E-43,-0.033928539,-0.294662767,0.279224222,0.018489994
309,59,3,0.315443498,1.82E-15,0.509078447,2.88E-41,0.193634949,0.21030044,1.74E-07,0.471767082,6.54E-35,-0.105143058,-0.298778007,0.156323584,-0.037311365
308,59,4,0.23164557,7.96E-09,0.429694941,1.27E-28,0.198049371,0.221190023,3.75E-08,0.436548708,1.37E-29,-0.010455547,-0.208504918,0.204903138,0.006853767
301,59,5,0.289743057,3.48E-13,0.539331951,4.96E-47,0.249588894,0.185454924,4.31E-06,0.5214136,1.51E-43,-0.104288133,-0.353877027,0.231670543,-0.017918351
303,59,6,0.224147435,2.44E-08,0.462804678,1.70E-33,0.238657243,0.159997454,7.62E-05,0.469962707,1.27E-34,-0.064149981,-0.302807224,0.245815272,0.007158029
305,59,7,0.260640297,7.23E-11,0.487569764,1.65E-37,0.226929467,0.201316664,5.83E-07,0.49051111,5.25E-38,-0.059323633,-0.2862531,0.229870813,0.002941346
304,59,8,0.270356132,1.31E-11,0.500601353,9.39E-40,0.230245221,0.230184395,9.93E-09,0.486492311,2.51E-37,-0.040171737,-0.270416958,0.216136179,-0.014109042
302,59,9,0.261960601,5.75E-11,0.509751811,2.17E-41,0.24779121,0.214245257,1.01E-07,0.510460923,1.61E-41,-0.047715344,-0.295506554,0.248500322,0.000709112
318,68,0,0.099547527,0.011166732,0.182501492,2.87E-06,0.082953965,0.124516905,0.001480953,0.220543132,1.37E-08,0.024969378,-0.057984587,0.120995605,0.03804164
317,68,1,0.103951414,0.008042265,0.19000647,1.08E-06,0.086055056,0.174143536,8.12E-06,0.300599901,5.08E-15,0.070192122,-0.015862934,0.196648487,0.110593431
311,68,2,0.094250833,0.016314408,0.236801979,1.01E-09,0.142551147,0.144531991,0.00022046,0.190492879,1.02E-06,0.050281158,-0.092269988,0.096242046,-0.0463091
319,68,3,0.109796491,0.005107155,0.190904909,9.63E-07,0.081108418,0.129874909,0.000912169,0.205765982,1.23E-07,0.020078418,-0.06103,0.095969491,0.014861073
312,68,4,0.087798478,0.02530483,0.222302303,1.04E-08,0.134503825,0.146061707,0.000188566,0.245123193,2.46E-10,0.058263229,-0.076240596,0.157324715,0.02282089
314,68,5,0.08841588,0.024290218,0.203551674,1.69E-07,0.115135794,0.131988072,0.00074968,0.263045895,9.86E-12,0.043572192,-0.071563602,0.174630015,0.059494221
315,68,6,0.115069525,0.003329499,0.226557336,5.33E-09,0.111487811,0.146374607,0.0001826,0.225564804,6.23E-09,0.031305082,-0.080182729,0.110495279,-0.000992532
316,68,7,0.079998909,0.041615192,0.172462242,9.95E-06,0.092463334,0.089313651,0.022877704,0.172659878,9.72E-06,0.009314742,-0.083148591,0.092660969,0.000197636
310,68,8,0.035574459,0.365563037,0.214655622,3.34E-08,0.179081164,0.096548368,0.013869525,0.212438767,4.65E-08,0.060973909,-0.118107254,0.176864308,-0.002216855
313,68,9,0.033927153,0.388196469,0.158907965,4.78E-05,0.124980812,0.089183103,0.023078573,0.235884481,1.17E-09,0.05525595,-0.069724862,0.201957328,0.076976516
322,69,0,0.406415763,4.77E-27,0.545725138,2.47E-51,0.139309376,0.283547157,2.16E-13,0.498727521,7.35E-42,-0.122868606,-0.262177981,0.092311758,-0.046997617
329,69,1,0.426750483,6.24E-30,0.533726094,9.01E-49,0.106975611,0.183220972,2.81E-06,0.491348385,1.68E-40,-0.243529511,-0.350505122,0.064597902,-0.042377709
324,69,2,0.435885399,2.72E-31,0.566528501,4.99E-56,0.130643102,0.220639107,1.49E-08,0.479057776,2.59E-38,-0.215246292,-0.345889394,0.043172377,-0.087470725
320,69,3,0.424337821,1.40E-29,0.571810343,2.84E-57,0.147472522,0.201666511,2.41E-07,0.54847316,6.19E-52,-0.22267131,-0.370143832,0.124135339,-0.023337183
325,69,4,0.400363444,3.16E-26,0.528207659,1.26E-47,0.127844214,0.223107056,1.02E-08,0.480868573,1.25E-38,-0.177256388,-0.305100603,0.080505129,-0.047339086
328,69,5,0.43509065,3.58E-31,0.542322284,1.35E-50,0.107231634,0.209535796,7.83E-08,0.454853203,2.97E-34,-0.225554854,-0.332786488,0.019762553,-0.087469081
323,69,6,0.377001369,3.25E-23,0.508470521,1.05E-43,0.131469152,0.229809292,3.54E-09,0.456630413,1.53E-34,-0.147192077,-0.278661229,0.079629044,-0.051840108
327,69,7,0.444061918,1.51E-32,0.553764337,4.15E-53,0.10970242,0.174220404,8.58E-06,0.528582357,1.05E-47,-0.269841514,-0.379543933,0.084520439,-0.02518198
321,69,8,0.444110152,1.49E-32,0.588852982,1.88E-61,0.14474283,0.209425076,7.96E-08,0.505273441,4.30E-43,-0.234685076,-0.379427906,0.061163289,-0.083579541
326,69,9,0.405238675,6.91E-27,0.516939234,2.35E-45,0.11170056,0.205019181,1.50E-07,0.401639499,2.13E-26,-0.200219494,-0.311920053,-0.003599176,-0.115299735
339,71,0,0.053017481,0.327579082,0.109791688,0.042144058,0.056774207,0.100004597,0.064314972,0.124846817,0.02073305,0.046987116,-0.009787091,0.071829336,0.015055129
335,71,1,0.094407928,0.080814744,0.189962707,0.000403811,0.095554779,-0.00911101,0.866484327,0.260675772,9.83E-07,-0.103518938,-0.199073717,0.166267844,0.070713065
333,71,2,0.063300858,0.242306287,0.173228598,0.001277837,0.109927741,0.101083414,0.061476941,0.238231588,8.18E-06,0.037782556,-0.072145184,0.17493073,0.06500299
334,71,3,0.053492121,0.323260959,0.15239128,0.004675765,0.098899159,0.164071279,0.002301915,0.141124164,0.008864763,0.110579158,0.011679999,0.087632043,-0.011267116
332,71,4,0.002794192,0.958879005,0.117484851,0.029596702,0.114690659,0.013757403,0.799593998,0.150331609,0.005272619,0.010963211,-0.103727448,0.147537417,0.032846758
330,71,5,0.025485511,0.638103786,0.210621031,8.47E-05,0.18513552,-0.095517699,0.0772959,0.282107573,1.07E-07,-0.12100321,-0.30613873,0.256622062,0.071486542
336,71,6,0.127285899,0.018355751,0.204326439,0.000138606,0.07704054,0.124812868,0.020767942,0.15532855,0.003929756,-0.002473031,-0.079513571,0.028042651,-0.048997889
331,71,7,0.036079418,0.505425277,0.166608878,0.00196122,0.130529459,-0.003918286,0.942360738,0.091328683,0.091260181,-0.039997704,-0.170527164,0.055249265,-0.075280195
338,71,8,0.068569065,0.205236645,0.133430985,0.013390012,0.06486192,0.076341134,0.158316614,0.236013749,9.98E-06,0.007772069,-0.057089851,0.167444684,0.102582764
337,71,9,0.054617587,0.313170182,0.123574739,0.022075753,0.068957152,-0.021698092,0.688836526,0.127383613,0.018265676,-0.076315679,-0.145272831,0.072766026,0.003808874
347,73,0,0.229368512,8.33E-06,0.484603344,3.47E-23,0.255234832,0.066032233,0.205069112,0.495492909,2.56E-24,-0.163336279,-0.418571111,0.266124397,0.010889565
348,73,1,0.24518226,1.81E-06,0.499248016,1.02E-24,0.254065756,0.106925056,0.039813187,0.463589071,4.10E-21,-0.138257204,-0.39232296,0.218406811,-0.035658945
345,73,2,0.224532444,1.30E-05,0.488782001,1.29E-23,0.264249558,0.05768054,0.268434577,0.494870697,2.98E-24,-0.166851904,-0.431101461,0.270338253,0.006088696
342,73,3,0.24617965,1.64E-06,0.556099329,2.03E-31,0.309919678,0.095246883,0.067238914,0.529122727,4.41E-28,-0.150932767,-0.460852446,0.282943077,-0.026976602
344,73,4,0.214899692,3.07E-05,0.503363839,3.67E-25,0.288464147,0.090737793,0.081321763,0.475596909,2.79E-22,-0.124161899,-0.412626046,0.260697217,-0.02776693
340,73,5,0.185049289,0.0003457,0.504602306,2.69E-25,0.319553016,0.049052516,0.346746941,0.528170699,5.71E-28,-0.135996773,-0.45554979,0.34312141,0.023568393
343,73,6,0.183160838,0.000398234,0.49000214,9.63E-24,0.306841303,0.122538595,0.018373977,0.449395779,8.60E-20,-0.060622243,-0.367463545,0.266234941,-0.040606361
341,73,7,0.200529629,0.000102865,0.512287073,3.81E-26,0.311757444,0.046632638,0.371082099,0.543542542,7.90E-30,-0.153896991,-0.465654435,0.343012913,0.031255469
346,73,8,0.299663531,4.09E-09,0.557927905,1.17E-31,0.258264373,0.231758732,6.66E-06,0.564408956,1.64E-32,-0.067904799,-0.326169173,0.264745425,0.006481051
349,73,9,0.227428078,9.97E-06,0.481299803,7.51E-23,0.253871725,0.087453278,0.093010827,0.533838746,1.21E-28,-0.1399748,-0.393846525,0.306410668,0.052538943
355,76,0,0.307918539,4.78E-07,0.214142747,0.000547409,-0.093775792,0.169056422,0.006596629,0.145130987,0.01993219,-0.138862117,-0.045086325,-0.162787552,-0.06901176
352,76,1,0.184130616,0.003048317,0.156694634,0.011892519,-0.027435982,0.109968234,0.078463492,0.077417737,0.216121272,-0.074162382,-0.0467264,-0.106712879,-0.079276897
351,76,2,0.23865062,0.000111922,0.216441541,0.000475092,-0.022209079,0.165835838,0.007720319,0.266046391,1.54E-05,-0.072814782,-0.050605703,0.027395771,0.04960485
356,76,3,0.241393725,9.27E-05,0.106889672,0.087243451,-0.134504053,0.149288097,0.016618533,0.123982818,0.047080624,-0.092105628,0.042398425,-0.117410907,0.017093146
350,76,4,0.168761332,0.006693133,0.238002991,0.000116975,0.06924166,0.092582166,0.138833039,0.237925673,0.000117592,-0.076179166,-0.145420825,0.069164341,-7.73E-05
353,76,5,0.26503471,1.67E-05,0.216558414,0.000471664,-0.048476296,0.171648828,0.005800848,0.252511602,4.22E-05,-0.093385882,-0.044909586,-0.012523108,0.035953188
359,76,6,0.153515725,0.013752322,-0.003463717,0.955933652,-0.156979442,0.083528911,0.181916739,0.023517619,0.707489293,-0.069986814,0.086992628,-0.129998106,0.026981336
354,76,7,0.108707397,0.081968812,0.042502183,0.497551722,-0.066205214,0.0486966,0.436969032,0.114762251,0.066227038,-0.060010797,0.006194417,0.006054854,0.072260068
357,76,8,0.25685502,3.08E-05,0.105751149,0.090683598,-0.151103871,0.172622315,0.005524991,0.162464278,0.009076443,-0.084232705,0.066871166,-0.094390742,0.056713129
358,76,9,0.272427476,9.42E-06,0.116280789,0.062694096,-0.156146687,0.16600149,0.007658606,0.166396096,0.007513364,-0.106425986,0.049720701,-0.10603138,0.050115307
369,78,0,0.005886407,0.908465331,0.259169842,2.60E-07,0.253283435,-0.040078265,0.433553883,0.23673124,2.72E-06,-0.045964672,-0.299248107,0.230844833,-0.022438602
363,78,1,0.123703675,0.015287011,0.458258719,2.47E-21,0.334555044,0.155045111,0.002312986,0.456624826,3.55E-21,0.031341436,-0.303213608,0.332921151,-0.001633893
367,78,2,-0.081427114,0.111141461,0.178761979,0.000431581,0.260189093,-0.071909587,0.159616757,0.205016778,5.18E-05,0.009517527,-0.250671566,0.286443892,0.026254799
366,78,3,0.012469009,0.807575819,0.273869811,4.93E-08,0.261400803,-0.019090368,0.709217144,0.280150924,2.35E-08,-0.031559377,-0.292960179,0.267681915,0.006281113
360,78,4,0.014047514,0.78378489,0.382097074,8.53E-15,0.36804956,0.016916154,0.741074675,0.378800373,1.51E-14,0.00286864,-0.36518092,0.364752859,-0.003296701
364,78,5,-0.101777117,0.046251344,0.208756259,3.74E-05,0.310533377,-0.038898787,0.447218656,0.202879456,6.22E-05,0.06287833,-0.247655046,0.304656573,-0.005876803
361,78,6,0.013688401,0.789180572,0.375641661,2.58E-14,0.36195326,0.116097062,0.022887299,0.364024859,1.78E-13,0.102408661,-0.259544599,0.350336458,-0.011616802
365,78,7,-0.092632958,0.069799379,0.179228403,0.000416638,0.271861361,-0.128801567,0.011527506,0.15857196,0.001827159,-0.036168609,-0.30802997,0.251204918,-0.020656443
362,78,8,-0.048341043,0.34478586,0.313481637,3.34E-10,0.36182268,-0.091581878,0.073045068,0.267638863,1.01E-07,-0.043240835,-0.405063515,0.315979906,-0.045842774
368,78,9,0.0146544,0.774690016,0.272689166,5.65E-08,0.258034766,-0.002995271,0.953347282,0.275746705,3.96E-08,-0.017649671,-0.275684437,0.261092305,0.003057539
370,81_1,0,0.064453097,0.159888933,0.368770436,8.20E-17,0.304317339,,,0.402484084,5.31E-20,,,0.338030987,0.033713648
375,81_1,1,0.053594855,0.242686591,0.269864114,2.10E-09,0.216269259,,,0.344023462,1.07E-14,,,0.290428607,0.074159348
379,81_1,2,0.062851268,0.170547698,0.269906461,2.09E-09,0.207055193,,,0.296115829,4.14E-11,,,0.233264561,0.026209368
373,81_1,3,0.09631995,0.035462979,0.341097376,1.84E-14,0.244777426,,,0.404966755,2.99E-20,,,0.308646805,0.063869379
376,81_1,4,0.140097416,0.002163027,0.353751595,1.66E-15,0.21365418,,,0.376380229,1.68E-17,,,0.236282813,0.022628634
371,81_1,5,0.083030579,0.07001914,0.383004065,4.10E-18,0.299973486,,,0.41121586,6.89E-21,,,0.328185281,0.028211795
374,81_1,6,0.143423539,0.001686887,0.373030508,3.40E-17,0.229606969,,,0.430908176,5.48E-23,,,0.287484637,0.057877668
372,81_1,7,0.114575833,0.012277732,0.372154555,4.08E-17,0.257578721,,,0.424023084,3.08E-22,,,0.309447251,0.051868529
377,81_1,8,0.071278853,0.120030135,0.282679391,3.25E-10,0.211400539,,,0.317904905,1.16E-12,,,0.246626052,0.035225514
378,81_1,9,0.085430162,0.062274391,0.293880501,5.88E-11,0.208450339,,,0.307105469,7.08E-12,,,0.221675307,0.013224968
387,81_2,0,0.060137347,0.189803593,0.181779875,6.52E-05,0.121642529,,,0.196796406,1.50E-05,,,0.136659059,0.015016531
382,81_2,1,0.028078738,0.540696203,0.165310195,0.00028792,0.137231457,,,0.219179242,1.34E-06,,,0.191100504,0.053869047
380,81_2,2,0.040738321,0.374663125,0.224030162,7.69E-07,0.183291841,,,0.247933255,4.10E-08,,,0.207194934,0.023903093
388,81_2,3,0.029521205,0.520093421,0.137711372,0.002577061,0.108190167,,,0.1737063,0.00013736,,,0.144185095,0.035994928
389,81_2,4,0.07335779,0.10957392,0.180955539,7.05E-05,0.107597749,,,0.166576011,0.000258095,,,0.093218221,-0.014379528
381,81_2,5,0.033748054,0.462129859,0.185761777,4.46E-05,0.152013722,,,0.258943956,9.54E-09,,,0.225195902,0.073182179
383,81_2,6,0.084114735,0.06642756,0.218080578,1.52E-06,0.133965843,,,0.2341982,2.30E-07,,,0.150083465,0.016117622
385,81_2,7,0.047662805,0.2988835,0.175042706,0.000121704,0.127379901,,,0.25909823,9.34E-09,,,0.211435425,0.084055524
386,81_2,8,0.047401138,0.301547242,0.171941248,0.000160947,0.124540109,,,0.188470354,3.43E-05,,,0.141069216,0.016529106
384,81_2,9,0.044123612,0.336243426,0.172999819,0.000146382,0.128876207,,,0.210782702,3.42E-06,,,0.16665909,0.037782883
390,81_3,0,-0.060213446,0.189242749,0.327144037,2.32E-13,0.387357483,,,0.346844788,6.25E-15,,,0.407058234,0.019700751
398,81_3,1,-0.047330127,0.302272841,0.276437419,8.16E-10,0.323767545,,,0.320837042,7.00E-13,,,0.368167169,0.044399623
394,81_3,2,-0.062805631,0.170858962,0.290299728,1.02E-10,0.353105359,,,0.263016986,5.47E-09,,,0.325822617,-0.027282742
396,81_3,3,-0.057523151,0.209817678,0.287513843,1.57E-10,0.345036994,,,0.318943134,9.70E-13,,,0.376466285,0.031429291
391,81_3,4,-0.099940066,0.029075329,0.281113463,4.11E-10,0.381053528,,,0.28932481,1.19E-10,,,0.389264876,0.008211347
397,81_3,5,-0.078049457,0.088614548,0.256393566,1.34E-08,0.334443024,,,0.30013029,2.19E-11,,,0.378179747,0.043736724
395,81_3,6,-0.098578816,0.031350882,0.249725077,3.25E-08,0.348303893,,,0.255137913,1.59E-08,,,0.353716729,0.005412836
393,81_3,7,-0.121064277,0.008123614,0.248483275,3.82E-08,0.369547552,,,0.282776292,3.21E-10,,,0.403840569,0.034293017
392,81_3,8,-0.035415602,0.440291463,0.339678032,2.40E-14,0.375093634,,,0.329372693,1.56E-13,,,0.364788295,-0.010305339
399,81_3,9,-0.053164266,0.246497619,0.257794542,1.11E-08,0.310958808,,,0.303899052,1.19E-11,,,0.357063318,0.04610451
405,82,0,-0.072695502,0.103421243,0.128443572,0.003908139,0.201139074,-0.082370354,0.064904389,0.098045291,0.027895299,-0.009674852,-0.210813926,0.170740793,-0.030398281
407,82,1,-0.064743722,0.147069883,0.129798783,0.003543388,0.194542505,-0.008617553,0.847120078,0.114568789,0.010123274,0.056126169,-0.138416336,0.179312511,-0.015229994
401,82,2,-0.091964291,0.039228364,0.134863534,0.002437398,0.226827825,-0.002114354,0.962272464,0.141563684,0.001457135,0.089849937,-0.136977888,0.233527975,0.00670015
409,82,3,-0.059062819,0.186001708,0.131748517,0.003072659,0.190811336,-0.00842172,0.850552986,0.163407671,0.000232776,0.050641099,-0.140170237,0.22247049,0.031659154
403,82,4,-0.094905592,0.033335414,0.112901926,0.011279033,0.207807518,-0.082594321,0.064176405,0.095406549,0.032411037,0.012311271,-0.195496247,0.190312141,-0.017495377
406,82,5,-0.136942283,0.002082778,0.060011182,0.17902172,0.196953465,-0.045863571,0.304611774,0.09620751,0.030978588,0.091078712,-0.105874753,0.233149793,0.036196328
402,82,6,-0.149036086,0.000799526,0.066684279,0.135302609,0.215720364,-0.017138864,0.701381329,0.115900229,0.009276919,0.131897222,-0.083823143,0.264936315,0.04921595
404,82,7,-0.042910526,0.336838425,0.16017137,0.000310184,0.203081896,-0.029825588,0.5045151,0.168814132,0.000142366,0.013084938,-0.189996958,0.211724658,0.008642762
408,82,8,-0.090011525,0.043609697,0.102491632,0.021505746,0.192503157,-0.017580257,0.694073174,0.08258536,0.064205402,0.072431268,-0.120071889,0.172596885,-0.019906272
400,82,9,-0.084102259,0.059448111,0.187731227,2.26E-05,0.271833486,0.002146286,0.961703121,0.214474393,1.21E-06,0.086248545,-0.185584941,0.298576652,0.026743166
413,83,0,0.207979918,1.76E-06,0.441281574,3.83E-26,0.233301656,0.10134984,0.020927469,0.430357018,8.19E-25,-0.106630078,-0.339931734,0.2223771,-0.010924556
419,83,1,0.29031507,1.54E-11,0.443423184,2.07E-26,0.153108114,0.220886501,3.72E-07,0.476930197,7.78E-31,-0.069428569,-0.222536683,0.186615127,0.033507013
410,83,2,0.199093601,4.86E-06,0.468738262,1.04E-29,0.269644662,0.12942489,0.003138611,0.520245806,2.48E-37,-0.069668711,-0.339313372,0.321152205,0.051507544
417,83,3,0.195747155,7.05E-06,0.405576253,5.71E-22,0.209829099,0.099247601,0.023749984,0.46335158,5.54E-29,-0.096499554,-0.306328652,0.267604425,0.057775327
416,83,4,0.226042513,1.94E-07,0.444161304,1.68E-26,0.218118791,0.104355921,0.017399464,0.465193185,3.14E-29,-0.121686592,-0.339805383,0.239150672,0.021031881
412,83,5,0.194038217,8.50E-06,0.447585404,6.21E-27,0.253547187,0.15612948,0.000356687,0.520125315,2.59E-37,-0.037908737,-0.291455924,0.326087098,0.072539911
414,83,6,0.229718639,1.21E-07,0.449382359,3.67E-27,0.21966372,0.178442229,4.35E-05,0.496895633,1.03E-33,-0.05127641,-0.27094013,0.267176994,0.047513274
418,83,7,0.247221725,1.15E-08,0.427621144,1.73E-24,0.180399418,0.154914665,0.000396962,0.50027505,3.20E-34,-0.09230706,-0.272706479,0.253053325,0.072653906
415,83,8,0.219213958,4.57E-07,0.438073091,9.52E-26,0.218859133,0.081231847,0.06443125,0.465135105,3.20E-29,-0.137982111,-0.356841244,0.245921147,0.027062014
411,83,9,0.207828266,1.79E-06,0.461829777,8.83E-29,0.25400151,0.1485362,0.000687346,0.508909514,1.53E-35,-0.059292066,-0.313293577,0.301081248,0.047079737
426,84_7,0,0.259298964,5.94E-11,0.436578726,3.79E-30,0.177279762,0.298859366,3.23E-14,0.500246287,1.91E-40,0.039560402,-0.13771936,0.240947323,0.063667561
420,84_7,1,0.232120126,5.26E-09,0.483888054,1.37E-37,0.251767928,0.391883304,4.05E-24,0.476773431,2.15E-36,0.159763178,-0.09200475,0.244653305,-0.007114623
428,84_7,2,0.205308038,2.63E-07,0.381650449,7.31E-23,0.176342411,0.290119242,1.89E-13,0.401471966,2.45E-25,0.084811204,-0.091531207,0.196163928,0.019821517
429,84_7,3,0.214659434,7.11E-08,0.382500206,5.77E-23,0.167840772,0.163791891,4.29E-05,0.39397799,2.21E-24,-0.050867543,-0.218708315,0.179318556,0.011477784
421,84_7,4,0.277495365,2.17E-12,0.471913822,1.35E-35,0.194418457,0.236439882,2.67E-09,0.496765164,7.97E-40,-0.041055483,-0.23547394,0.219269799,0.024851342
423,84_7,5,0.245674573,6.01E-10,0.436736377,3.59E-30,0.191061804,0.380087952,1.13E-22,0.450713374,2.99E-32,0.134413379,-0.056648425,0.205038801,0.013976997
427,84_7,6,0.217905902,4.45E-08,0.394992774,1.65E-24,0.177086871,0.290265848,1.83E-13,0.419981696,8.39E-28,0.072359946,-0.104726926,0.202075794,0.024988922
424,84_7,7,0.252872562,1.80E-10,0.434807842,6.83E-30,0.18193528,0.310756023,2.65E-15,0.423469053,2.76E-28,0.057883461,-0.124051819,0.170596491,-0.011338789
425,84_7,8,0.236258825,2.75E-09,0.416540774,2.48E-27,0.180281949,0.350940032,2.38E-19,0.445162835,2.06E-31,0.114681207,-0.065600742,0.20890401,0.028622061
422,84_7,9,0.214202345,7.58E-08,0.406820545,4.93E-26,0.1926182,0.401732834,2.27E-25,0.451478067,2.29E-32,0.187530489,-0.005087711,0.237275722,0.044657522
430,86,0,0.333409454,1.85E-17,0.512082723,1.77E-42,0.178673269,0.175083511,1.24E-05,0.510700721,3.20E-42,-0.158325943,-0.336999212,0.177291267,-0.001382002
438,86,1,0.304519236,1.10E-14,0.408585237,3.47E-26,0.104066001,0.128469308,0.001396865,0.445963457,1.95E-31,-0.176049928,-0.280115929,0.141444221,0.03737822
432,86,2,0.311857979,2.32E-15,0.451515514,2.84E-32,0.139657535,0.136215774,0.00069961,0.470072965,3.47E-35,-0.175642205,-0.31529974,0.158214986,0.018557451
436,86,3,0.346403135,8.32E-19,0.466895593,1.13E-34,0.120492457,0.167364332,2.98E-05,0.486942276,5.41E-38,-0.179038803,-0.299531261,0.140539141,0.020046683
439,86,4,0.383492267,5.14E-23,0.469176653,4.84E-35,0.085684386,0.186619119,3.11E-06,0.478813941,1.27E-36,-0.196873148,-0.282557534,0.095321674,0.009637288
433,86,5,0.191852072,1.61E-06,0.322285291,2.35E-16,0.130433219,0.083766782,0.037666262,0.383093529,5.74E-23,-0.10808529,-0.238518509,0.191241457,0.060808238
434,86,6,0.34845473,5.03E-19,0.472812227,1.25E-35,0.124357497,0.234775565,3.68E-09,0.466648342,1.23E-34,-0.113679165,-0.238036662,0.118193612,-0.006163885
437,86,7,0.29209906,1.39E-13,0.406930459,5.73E-26,0.114831399,0.187213338,2.89E-06,0.424595349,2.35E-28,-0.104885722,-0.219717121,0.132496289,0.01766489
431,86,8,0.351308831,2.48E-19,0.501993798,1.24E-40,0.150684967,0.167351792,2.99E-05,0.530608514,4.96E-46,-0.183957039,-0.334642006,0.179299683,0.028614716
435,86,9,0.340854206,3.19E-18,0.461688009,7.56E-34,0.120833803,0.212319026,1.04E-07,0.465993518,1.57E-34,-0.12853518,-0.249368983,0.125139312,0.004305509
446,87,0,-0.143486938,0.000826014,0.053701685,0.21279311,0.197188624,-0.028810197,0.504085222,0.059781975,0.165371852,0.114676741,-0.082511882,0.203268913,0.00608029
443,87,1,-0.113576331,0.008248809,0.108786416,0.011418573,0.222362747,-0.068018565,0.114387739,0.121779123,0.00459855,0.045557766,-0.176804981,0.235355454,0.012992707
449,87,2,-0.110909666,0.009900156,0.05497106,0.202161901,0.165880726,-0.100931023,0.01897695,0.00728421,0.865891235,0.009978643,-0.155902083,0.118193876,-0.04768685
442,87,3,-0.099939429,0.020188891,0.133021705,0.001949899,0.232961135,-0.050541373,0.240995075,0.190202896,8.57E-06,0.049398056,-0.183563078,0.290142325,0.057181191
440,87,4,-0.19897524,3.17E-06,0.051583294,0.231420964,0.250558534,-0.078901953,0.066932941,0.074083335,0.085447738,0.120073287,-0.130485247,0.273058575,0.022500041
448,87,5,-0.108975697,0.011275298,0.06126222,0.155130206,0.170237917,-0.069057257,0.108947676,0.113207115,0.008461719,0.03991844,-0.130319477,0.222182812,0.051944895
445,87,6,-0.117528499,0.006251902,0.083693118,0.051924783,0.201221616,-0.047851134,0.26699081,0.074404286,0.084098053,0.069677365,-0.131544252,0.191932785,-0.009288832
441,87,7,-0.09591472,0.02582505,0.154393069,0.000316909,0.250307789,-0.058095384,0.177650313,0.149501859,0.000490911,0.037819336,-0.212488453,0.245416579,-0.00489121
444,87,8,-0.121094975,0.004834662,0.088430513,0.039956019,0.209525488,-0.069451522,0.106936979,0.060218011,0.162303604,0.051643453,-0.157882035,0.181312986,-0.028212502
447,87,9,-0.129173687,0.002635118,0.047677678,0.268730511,0.176851366,-0.009850235,0.819355592,0.08370818,0.051882443,0.119323452,-0.057527913,0.212881867,0.036030502
457,91,0,0.108479854,0.011889705,0.171917686,6.22E-05,0.063437831,0.046607823,0.280978243,0.147653395,0.000598112,-0.061872031,-0.125309863,0.039173541,-0.024264291
455,91,1,0.069463289,0.107860913,0.144894601,0.000758135,0.075431313,0.021494013,0.619200951,0.112950704,0.008800071,-0.047969276,-0.123400588,0.043487415,-0.031943897
453,91,2,0.062409622,0.148662333,0.172126752,6.09E-05,0.109717129,-0.016076428,0.710116854,0.152107727,0.000404361,-0.07848605,-0.18820318,0.089698105,-0.020019025
451,91,3,0.061551407,0.154338284,0.181023597,2.44E-05,0.11947219,0.031074069,0.472397852,0.12203095,0.00462787,-0.030477338,-0.149949528,0.060479543,-0.058992647
454,91,4,0.099375322,0.021268289,0.176382575,3.95E-05,0.077007253,0.107840404,0.012402294,0.171228864,6.66E-05,0.008465082,-0.068542171,0.071853542,-0.005153711
459,91,5,0.075169143,0.081803221,0.125307821,0.003631717,0.050138678,-0.00355243,0.934543477,0.138241677,0.001320542,-0.078721573,-0.128860251,0.063072534,0.012933856
456,91,6,0.092086299,0.03288356,0.165861811,0.000112749,0.073775512,0.033284275,0.441465333,0.172125341,6.09E-05,-0.058802024,-0.132577536,0.080039042,0.00626353
450,91,7,0.069731273,0.106505581,0.190819955,8.48E-06,0.121088682,0.017232618,0.690309573,0.176054208,4.09E-05,-0.052498655,-0.173587337,0.106322935,-0.014765747
452,91,8,0.079363072,0.0661044,0.198231469,3.67E-06,0.118868397,0.048078786,0.266056785,0.187170316,1.27E-05,-0.031284286,-0.150152683,0.107807244,-0.011061153
458,91,9,0.046083486,0.286431531,0.107478401,0.012701048,0.061394914,0.023277688,0.590414211,0.121168761,0.004928065,-0.022805798,-0.084200713,0.075085275,0.01369036
468,92_1,0,0.189998056,3.49E-06,0.281966445,3.29E-12,0.091968389,0.171581357,2.88E-05,0.339764556,2.36E-17,-0.018416699,-0.110385088,0.1497665,0.057798111
466,92_1,1,0.23197947,1.26E-08,0.326156517,4.86E-16,0.094177048,0.236233663,6.69E-09,0.4082139,5.10E-25,0.004254193,-0.089922854,0.17623443,0.082057383
465,92_1,2,0.193972825,2.15E-06,0.288848221,9.19E-13,0.094875396,0.213204909,1.80E-07,0.321558978,1.31E-15,0.019232084,-0.075643312,0.127586153,0.032710757
462,92_1,3,0.212369921,2.01E-07,0.315557197,4.63E-15,0.103187276,0.220454479,6.63E-08,0.393861522,2.94E-23,0.008084558,-0.095102718,0.181491601,0.078304325
461,92_1,4,0.142315531,0.000537658,0.272793526,1.71E-11,0.130477995,0.238775719,4.55E-09,0.327162489,3.90E-16,0.096460188,-0.034017807,0.184846958,0.054368963
463,92_1,5,0.215892921,1.25E-07,0.317529085,3.06E-15,0.101636163,0.265928219,5.64E-11,0.35980029,2.07E-19,0.050035298,-0.051600866,0.143907369,0.042271205
469,92_1,6,0.233666023,9.83E-09,0.324870702,6.42E-16,0.091204679,0.175044765,1.97E-05,0.357860795,3.32E-19,-0.058621258,-0.149825937,0.124194772,0.032990093
460,92_1,7,0.191435315,2.93E-06,0.341837147,1.47E-17,0.150401832,0.202703965,7.18E-07,0.391181639,6.13E-23,0.01126865,-0.139133182,0.199746324,0.049344492
467,92_1,8,0.232062251,1.25E-08,0.324513232,6.93E-16,0.092450981,0.181106401,9.92E-06,0.378654411,1.75E-21,-0.05095585,-0.143406831,0.14659216,0.054141179
464,92_1,9,0.259365719,1.71E-10,0.358436385,2.89E-19,0.099070666,0.209865423,2.81E-07,0.447899274,2.35E-30,-0.049500296,-0.148570962,0.188533555,0.089462889
474,92_2,0,0.044731587,0.278845135,0.216370259,1.17E-07,0.171638672,0.025972637,0.529631369,0.243654562,2.15E-09,-0.01875895,-0.190397622,0.198922975,0.027284303
476,92_2,1,0.059301087,0.150951375,0.219782364,7.28E-08,0.160481277,0.032378371,0.433234628,0.281385691,3.66E-12,-0.026922716,-0.187403993,0.222084604,0.061603327
473,92_2,2,0.04255652,0.302910676,0.225622629,3.19E-08,0.183066109,-0.034002319,0.41051032,0.261608435,1.17E-10,-0.076558839,-0.259624948,0.219051915,0.035985806
470,92_2,3,0.028449339,0.49111832,0.258512834,1.97E-10,0.230063495,-0.01710265,0.678972975,0.290018683,7.37E-13,-0.045551989,-0.275615484,0.261569344,0.031505849
478,92_2,4,0.032168008,0.436230476,0.189934304,3.52E-06,0.157766297,-0.054851421,0.184096836,0.191705801,2.84E-06,-0.087019429,-0.244785725,0.159537793,0.001771497
472,92_2,5,0.055222357,0.181143629,0.239539269,4.05E-09,0.184316912,-0.045997276,0.265454825,0.227333608,2.49E-08,-0.101219633,-0.285536545,0.172111251,-0.012205661
475,92_2,6,-0.021268516,0.606766259,0.146647655,0.000360052,0.167916171,0.003301585,0.936325512,0.181745248,9.22E-06,0.024570101,-0.14334607,0.203013764,0.035097593
477,92_2,7,0.044382683,0.282615556,0.204795746,5.48E-07,0.160413062,0.004118706,0.920613304,0.267850773,4.05E-11,-0.040263977,-0.20067704,0.22346809,0.063055027
479,92_2,8,0.043925188,0.287611492,0.198928741,1.16E-06,0.155003554,-0.013758235,0.739190658,0.239816838,3.88E-09,-0.057683423,-0.212686976,0.19589165,0.040888097
471,92_2,9,0.026613327,0.519523732,0.211822963,2.17E-07,0.185209636,0.024484514,0.5534868,0.269836031,2.87E-11,-0.002128813,-0.187338449,0.243222704,0.058013068
480,92_3,0,0.234437882,8.76E-09,0.367637514,2.95E-20,0.133199632,0.293006946,4.18E-13,0.4450305,6.04E-30,0.058569064,-0.074630568,0.210592618,0.077392986
486,92_3,1,0.320691939,1.57E-15,0.429950311,7.46E-28,0.109258372,0.334079211,8.50E-17,0.516660417,1.94E-41,0.013387272,-0.0958711,0.195968478,0.086710106
485,92_3,2,0.309775958,1.52E-14,0.421281905,1.07E-26,0.111505947,0.323227352,9.14E-16,0.466017351,4.91E-33,0.013451394,-0.098054553,0.156241393,0.044735446
482,92_3,3,0.275294012,1.10E-11,0.397803081,9.85E-24,0.122509069,0.312515288,8.69E-15,0.44891695,1.68E-30,0.037221276,-0.085287793,0.173622938,0.051113869
489,92_3,4,0.306547017,2.93E-14,0.384081736,4.17E-22,0.077534719,0.346840062,4.60E-18,0.408599921,4.56E-25,0.040293045,-0.037241674,0.102052904,0.024518185
481,92_3,5,0.285317097,1.78E-12,0.409167882,3.87E-25,0.123850786,0.329293885,2.45E-16,0.450778927,9.04E-31,0.043976788,-0.079873997,0.16546183,0.041611045
484,92_3,6,0.311025883,1.18E-14,0.42255779,7.25E-27,0.111531907,0.38088085,9.74E-22,0.492461741,3.01E-37,0.069854967,-0.04167694,0.181435858,0.069903951
483,92_3,7,0.289752274,7.75E-13,0.409400098,3.61E-25,0.119647824,0.380972044,9.50E-22,0.451516018,7.07E-31,0.09121977,-0.028428054,0.161763744,0.04211592
488,92_3,8,0.284852982,1.94E-12,0.363733428,7.84E-20,0.078880446,0.376796619,2.84E-21,0.389853267,8.81E-23,0.091943637,0.013063191,0.105000285,0.026119839
487,92_3,9,0.234837299,8.25E-09,0.337622026,3.83E-17,0.102784726,0.286571309,1.41E-12,0.40111682,3.88E-24,0.05173401,-0.051050717,0.166279521,0.063494794
495,93_1,0,0.495320822,1.18E-45,0.546552636,4.38E-57,0.051231814,0.516815284,3.26E-50,0.603731231,2.04E-72,0.021494462,-0.029737352,0.108410409,0.057178595
494,93_1,1,0.423006944,1.72E-32,0.478498101,2.65E-42,0.055491157,0.536064564,1.39E-54,0.52155033,2.91E-51,0.11305762,0.057566463,0.098543386,0.043052229
496,93_1,2,0.471233272,6.49E-41,0.520027829,6.36E-51,0.048794557,0.465136152,8.98E-40,0.55956915,2.58E-60,-0.00609712,-0.054891677,0.088335878,0.039541321
492,93_1,3,0.443192677,7.47E-36,0.502924596,3.14E-47,0.059731919,0.440642686,2.05E-35,0.564834,1.16E-61,-0.002549991,-0.06228191,0.121641323,0.061909404
498,93_1,4,0.493173236,3.25E-45,0.533190489,6.52E-54,0.040017254,0.539321859,2.38E-55,0.585955612,2.53E-67,0.046148623,0.00613137,0.092782376,0.052765123
499,93_1,5,0.446096869,2.35E-36,0.481395216,7.23E-43,0.035298347,0.457961095,1.85E-38,0.536292658,1.23E-54,0.011864226,-0.023434121,0.090195789,0.054897442
497,93_1,6,0.481549453,6.74E-43,0.528191849,9.23E-53,0.046642396,0.547217396,3.02E-57,0.574177531,4.08E-64,0.065667943,0.019025547,0.092628078,0.045985682
493,93_1,7,0.47861268,2.51E-42,0.534280716,3.64E-54,0.055668036,0.48864502,2.66E-44,0.55154611,2.63E-58,0.01003234,-0.045635696,0.07293343,0.017265394
490,93_1,8,0.440767986,1.95E-35,0.524463332,6.47E-52,0.083695346,0.441353302,1.55E-35,0.573456342,6.34E-64,0.000585316,-0.08311003,0.132688356,0.04899301
491,93_1,9,0.453409233,1.21E-37,0.51793876,1.85E-50,0.064529527,0.497485535,4.25E-46,0.567379893,2.53E-62,0.044076302,-0.020453225,0.11397066,0.049441133
502,93_2,0,0.210500272,1.27E-08,0.341653643,4.63E-21,0.13115337,0.234860536,1.93E-10,0.365460439,4.46E-24,0.024360264,-0.106793107,0.154960167,0.023806796
501,93_2,1,0.251455552,8.40E-12,0.384976552,9.55E-27,0.133521001,0.240762089,6.49E-11,0.399694132,7.00E-29,-0.010693463,-0.144214463,0.14823858,0.01471758
506,93_2,2,0.253165746,6.00E-12,0.365848375,3.96E-24,0.112682629,0.240490288,6.83E-11,0.394324416,4.33E-28,-0.012675458,-0.125358087,0.14115867,0.028476041
508,93_2,3,0.23730687,1.23E-10,0.3362933,2.04E-20,0.098986429,0.291443851,1.67E-15,0.399641187,7.12E-29,0.054136981,-0.044849449,0.162334317,0.063347887
500,93_2,4,0.1948075,1.46E-07,0.349537692,4.95E-22,0.154730191,0.235730442,1.64E-10,0.37593861,1.73E-25,0.040922942,-0.11380725,0.18113111,0.026400918
507,93_2,5,0.214986821,6.07E-09,0.316285955,4.02E-18,0.101299133,0.234287595,2.14E-10,0.332048092,6.47E-20,0.019300774,-0.08199836,0.117061271,0.015762137
509,93_2,6,0.246098859,2.37E-11,0.34074027,5.97E-21,0.094641411,0.212517557,9.12E-09,0.346982467,1.03E-21,-0.033581302,-0.128222713,0.100883608,0.006242197
505,93_2,7,0.238177754,1.05E-10,0.351640078,2.70E-22,0.113462324,0.264761401,5.76E-13,0.411262452,1.23E-30,0.026583647,-0.086878677,0.173084698,0.059622374
503,93_2,8,0.235898147,1.59E-10,0.362285651,1.17E-23,0.126387504,0.241895263,5.25E-11,0.374794074,2.49E-25,0.005997116,-0.120390388,0.138895927,0.012508423
504,93_2,9,0.209284392,1.54E-08,0.326316364,2.99E-19,0.117031972,0.25062914,9.88E-12,0.384291862,1.19E-26,0.041344748,-0.075687224,0.17500747,0.057975498
510,93_3,0,0.147700862,7.19E-05,0.236405446,1.45E-10,0.088704584,0.092702866,0.013016791,0.181084594,1.06E-06,-0.054997996,-0.14370258,0.033383732,-0.055320852
518,93_3,1,0.191133547,2.51E-07,0.239175403,8.72E-11,0.048041857,0.038765898,0.299918868,0.192295572,2.12E-07,-0.152367649,-0.200409505,0.001162025,-0.046879831
517,93_3,2,0.184614992,6.44E-07,0.233102336,2.65E-10,0.048487344,0.108195471,0.003724506,0.196236844,1.18E-07,-0.076419521,-0.124906865,0.011621852,-0.036865492
514,93_3,3,0.167956905,6.14E-06,0.223954143,1.33E-09,0.055997237,0.034394024,0.357766647,0.187554268,4.23E-07,-0.133562881,-0.189560119,0.019597363,-0.036399875
515,93_3,4,0.134093065,0.000317485,0.185458899,5.71E-07,0.051365834,0.021885325,0.558502127,0.134792335,0.000295118,-0.11220774,-0.163573574,0.00069927,-0.050666564
512,93_3,5,0.180947677,1.08E-06,0.261807593,1.06E-12,0.080859916,0.085295166,0.022364767,0.224073612,1.30E-09,-0.095652511,-0.176512427,0.043125935,-0.037733981
519,93_3,6,0.235893587,1.60E-10,0.280864638,1.83E-14,0.044971051,0.089654918,0.016335796,0.23685783,1.34E-10,-0.146238669,-0.19120972,0.000964243,-0.044006808
513,93_3,7,0.200091677,6.55E-08,0.25629057,3.23E-12,0.056198894,0.067681183,0.070109215,0.155441156,2.91E-05,-0.132410494,-0.188609387,-0.044650521,-0.100849414
516,93_3,8,0.212912677,8.55E-09,0.262633729,8.93E-13,0.049721052,0.10016231,0.00727243,0.2048206,3.14E-08,-0.112750367,-0.162471419,-0.008092077,-0.057813129
511,93_3,9,0.162025389,1.30E-05,0.247876912,1.68E-11,0.085851523,0.077739744,0.037420709,0.180812171,1.10E-06,-0.084285645,-0.170137168,0.018786782,-0.067064741
526,93_4,0,0.34030229,6.75E-21,0.426401739,4.85E-33,0.086099449,0.292987654,1.17E-15,0.417001486,1.56E-31,-0.047314636,-0.133414085,0.076699196,-0.009400253
521,93_4,1,0.321875041,9.56E-19,0.426306184,5.03E-33,0.104431143,0.246174845,2.33E-11,0.413122352,6.32E-31,-0.075700196,-0.180131339,0.091247311,-0.013183832
524,93_4,2,0.369066868,1.48E-24,0.468089823,2.53E-40,0.099022955,0.287972123,3.70E-15,0.414673832,3.62E-31,-0.081094745,-0.1801177,0.045606964,-0.053415991
529,93_4,3,0.358437245,3.68E-23,0.424884684,8.56E-33,0.066447439,0.268942961,2.40E-13,0.435970059,1.27E-34,-0.089494284,-0.155941723,0.077532814,0.011085375
522,93_4,4,0.346641439,1.13E-21,0.449429502,6.14E-37,0.102788062,0.290222228,2.21E-15,0.432503434,4.81E-34,-0.056419211,-0.159207274,0.085861995,-0.016926068
520,93_4,5,0.33715393,1.61E-20,0.458199541,1.67E-38,0.121045611,0.262750065,8.72E-13,0.41620416,2.08E-31,-0.074403865,-0.195449476,0.07905023,-0.041995381
523,93_4,6,0.358180445,3.97E-23,0.460452005,6.52E-39,0.102271559,0.301147778,1.70E-16,0.461790452,3.71E-39,-0.057032667,-0.159304227,0.103610007,0.001338447
527,93_4,7,0.359289465,2.86E-23,0.435474734,1.53E-34,0.07618527,0.282246385,1.34E-14,0.430989258,8.57E-34,-0.07704308,-0.153228349,0.071699793,-0.004485476
528,93_4,8,0.329823205,1.18E-19,0.402507066,2.66E-29,0.072683861,0.279939119,2.24E-14,0.351144238,3.12E-22,-0.049884086,-0.122567947,0.021321033,-0.051362828
525,93_4,9,0.314687598,6.03E-18,0.410584654,1.56E-30,0.095897055,0.251814326,7.83E-12,0.392956554,6.85E-28,-0.062873272,-0.158770328,0.078268956,-0.0176281
538,93_5,0,0.410006505,1.92E-30,0.487447672,4.61E-44,0.077441167,0.424233244,1.09E-32,0.523515917,1.06E-51,0.014226739,-0.063214428,0.113509412,0.036068245
536,93_5,1,0.416505857,1.87E-31,0.50212222,4.63E-47,0.085616363,0.444485027,4.47E-36,0.529248115,5.29E-53,0.02797917,-0.057637193,0.112742258,0.027125895
534,93_5,2,0.445509016,2.97E-36,0.53646743,1.12E-54,0.090958413,0.489662029,1.66E-44,0.559241015,3.12E-60,0.044153013,-0.046805401,0.113731999,0.022773585
539,93_5,3,0.425563544,6.64E-33,0.493069166,3.41E-45,0.067505622,0.43426432,2.45E-34,0.504521989,1.45E-47,0.008700776,-0.058804846,0.078958445,0.011452823
535,93_5,4,0.443573451,6.43E-36,0.530730758,2.42E-53,0.087157307,0.459574229,9.42E-39,0.544205507,1.62E-56,0.016000778,-0.071156529,0.100632056,0.013474749
537,93_5,5,0.416909663,1.61E-31,0.500745089,8.98E-47,0.083835426,0.449434225,6.13E-37,0.548224604,1.72E-57,0.032524562,-0.051310864,0.131314941,0.047479515
533,93_5,6,0.431742225,6.43E-34,0.525823093,3.19E-52,0.094080868,0.469481667,1.39E-40,0.54775662,2.23E-57,0.037739442,-0.056341426,0.116014395,0.021933527
531,93_5,7,0.450323954,4.27E-37,0.558065104,6.19E-60,0.10774115,0.457073212,2.67E-38,0.555560295,2.64E-59,0.006749258,-0.100991892,0.105236341,-0.002504809
530,93_5,8,0.454173399,8.86E-38,0.593408744,2.02E-69,0.139235345,0.455300963,5.57E-38,0.586926506,1.36E-67,0.001127564,-0.138107781,0.132753107,-0.006482238
532,93_5,9,0.43515409,1.74E-34,0.533961241,4.32E-54,0.098807151,0.452350139,1.87E-37,0.560685735,1.34E-60,0.017196049,-0.081611102,0.125531645,0.026724494
543,93_6,0,0.23889891,9.18E-11,0.3654913,4.42E-24,0.12659239,0.221628585,1.99E-09,0.360522087,1.98E-23,-0.017270325,-0.143862715,0.121623177,-0.004969213
542,93_6,1,0.224899123,1.13E-09,0.384781784,1.02E-26,0.159882661,0.207328714,2.11E-08,0.366419724,3.33E-24,-0.017570409,-0.17745307,0.141520601,-0.01836206
541,93_6,2,0.174733137,2.52E-06,0.349531056,4.96E-22,0.174797919,0.27394538,8.27E-14,0.355674805,8.32E-23,0.099212243,-0.075585676,0.180941668,0.006143749
540,93_6,3,0.172814981,3.25E-06,0.360653196,1.90E-23,0.187838215,0.252347335,7.05E-12,0.397808325,1.33E-28,0.079532354,-0.108305861,0.224993344,0.037155129
547,93_6,4,0.21268386,8.87E-09,0.332954248,5.07E-20,0.120270388,0.218364103,3.46E-09,0.37369303,3.51E-25,0.005680243,-0.114590145,0.16100917,0.040738782
544,93_6,5,0.183912712,7.11E-07,0.310149376,1.88E-17,0.126236664,0.235823672,1.62E-10,0.30700222,4.10E-17,0.05191096,-0.074325704,0.123089508,-0.003147156
545,93_6,6,0.190402052,2.80E-07,0.315436939,4.99E-18,0.125034887,0.234258186,2.15E-10,0.333762144,4.07E-20,0.043856134,-0.081178753,0.143360092,0.018325205
546,93_6,7,0.195756168,1.27E-07,0.318533212,2.27E-18,0.122777044,0.230706752,4.07E-10,0.360559744,1.96E-23,0.034950584,-0.08782646,0.164803576,0.042026532
549,93_6,8,0.225157874,1.08E-09,0.343758242,2.57E-21,0.118600368,0.24558742,2.61E-11,0.345021683,1.80E-21,0.020429546,-0.098170822,0.119863809,0.001263441
548,93_6,9,0.197854584,9.21E-08,0.31775958,2.76E-18,0.119904996,0.245547812,2.63E-11,0.369216451,1.41E-24,0.047693228,-0.072211768,0.171361867,0.051456871
559,96,0,-0.094380512,0.084089734,0.224720134,3.22E-05,0.319100646,-0.033516382,0.54037371,0.252581557,2.75E-06,0.06086413,-0.258236516,0.346962069,0.027861423
555,96,1,-0.11339086,0.037760264,0.218842909,5.22E-05,0.332233769,-0.065312642,0.232472401,0.253266486,2.58E-06,0.048078218,-0.284155551,0.366657346,0.034423577
553,96,2,-0.087458406,0.109547032,0.249521239,3.65E-06,0.336979645,-0.033387618,0.541931694,0.265270885,8.10E-07,0.054070788,-0.282908857,0.352729291,0.015749646
552,96,3,-0.096395119,0.07765153,0.262684658,1.04E-06,0.359079777,-0.015772838,0.773299757,0.262314742,1.08E-06,0.080622281,-0.278457496,0.358709861,-0.000369916
550,96,4,-0.069134451,0.206213617,0.339471272,1.66E-10,0.408605723,-0.021463829,0.695045319,0.331004183,4.94E-10,0.047670622,-0.360935101,0.400138634,-0.008467089
551,96,5,-0.111042336,0.041936569,0.263467703,9.67E-07,0.374510039,0.036245328,0.507888221,0.302409319,1.55E-08,0.147287664,-0.227222375,0.413451655,0.038941616
556,96,6,-0.083157378,0.128195776,0.240967243,7.95E-06,0.324124621,-0.052142173,0.340656797,0.287896735,7.80E-08,0.031015205,-0.293109416,0.371054113,0.046929492
558,96,7,-0.141710306,0.009293847,0.180356497,0.000897139,0.322066804,-0.018226147,0.739229842,0.221993892,4.04E-05,0.123484159,-0.198582644,0.363704198,0.041637395
557,96,8,-0.131538855,0.015836863,0.191231223,0.000423727,0.322770077,-0.031711527,0.562412823,0.249978048,3.50E-06,0.099827328,-0.22294275,0.381516903,0.058746825
554,96,9,-0.106952177,0.050138371,0.229414341,2.17E-05,0.336366518,-0.028835735,0.598396712,0.242737268,6.78E-06,0.078116442,-0.258250076,0.349689445,0.013322927
560,97,0,0.071085734,0.088564023,0.294373237,5.86E-13,0.223287503,0.136969667,0.000991945,0.269298766,5.20E-11,0.065883933,-0.15740357,0.198213032,-0.025074471
565,97,1,0.087950012,0.03499078,0.246605963,2.06E-09,0.158655951,0.101531452,0.014865569,0.224837701,5.05E-08,0.01358144,-0.145074511,0.136887689,-0.021768262
566,97,2,0.095557799,0.021925534,0.241632944,4.39E-09,0.146075146,0.116681565,0.005087957,0.205452775,6.73E-07,0.021123766,-0.124951379,0.109894976,-0.036180169
568,97,3,0.121375043,0.00355778,0.261460633,1.93E-10,0.14008559,0.122393388,0.003286759,0.290589865,1.19E-12,0.001018345,-0.139067245,0.169214822,0.029129232
562,97,4,0.084357559,0.043173599,0.270732539,4.07E-11,0.18637498,0.065430772,0.117058528,0.333265467,2.21E-16,-0.018926787,-0.205301767,0.248907908,0.062532928
563,97,5,0.124142381,0.002864708,0.29947112,2.23E-13,0.17532874,0.182126859,1.11E-05,0.376232191,8.95E-21,0.057984478,-0.117344261,0.25208981,0.076761071
567,97,6,0.121913971,0.003411923,0.264398906,1.19E-10,0.142484935,0.063218398,0.129990345,0.255960233,4.71E-10,-0.058695573,-0.201180508,0.134046262,-0.008438673
561,97,7,0.164669241,7.27E-05,0.352890031,2.64E-18,0.18822079,0.153790619,0.000214085,0.354026432,2.02E-18,-0.010878622,-0.199099412,0.189357191,0.001136401
569,97,8,0.113247684,0.006559357,0.243811742,3.16E-09,0.130564059,0.066212795,0.112736402,0.29582771,4.46E-13,-0.047034889,-0.177598947,0.182580026,0.052015968
564,97,9,0.208462498,4.57E-07,0.377549407,6.41E-21,0.169086909,0.170183088,4.10E-05,0.38810943,4.13E-22,-0.03827941,-0.207366319,0.179646932,0.010560023
579,99_1,0,0.194308552,5.74E-07,0.32584256,1.36E-17,0.131534008,0.204742008,1.34E-07,0.355231692,7.96E-21,0.010433456,-0.121100552,0.16092314,0.029389132
576,99_1,1,0.17962514,3.92E-06,0.327374871,9.42E-18,0.14774973,0.227726067,4.08E-09,0.352593626,1.60E-20,0.048100927,-0.099648804,0.172968486,0.025218755
578,99_1,2,0.13100779,0.00079873,0.262806029,9.24E-12,0.131798239,0.267012169,4.18E-12,0.302743014,2.75E-15,0.136004379,0.00420614,0.171735224,0.039936985
571,99_1,3,0.146367184,0.000176534,0.350072705,3.12E-20,0.203705521,0.232049558,2.02E-09,0.373538708,5.10E-23,0.085682374,-0.118023147,0.227171524,0.023466003
570,99_1,4,0.143748768,0.000230847,0.379717691,8.62E-24,0.235968923,0.258843139,1.93E-11,0.407188743,1.97E-27,0.115094371,-0.120874552,0.263439975,0.027471052
573,99_1,5,0.140877272,0.0003082,0.330444859,4.47E-18,0.189567587,0.217646022,1.97E-08,0.34786448,5.55E-20,0.07676875,-0.112798837,0.206987208,0.017419621
575,99_1,6,0.168218463,1.58E-05,0.316616555,1.20E-16,0.148398092,0.239470646,5.89E-10,0.347276583,6.46E-20,0.071252183,-0.077145909,0.17905812,0.030660028
577,99_1,7,0.224183513,7.16E-09,0.370582918,1.18E-22,0.146399406,0.256111287,3.18E-11,0.382073542,4.33E-24,0.031927774,-0.114471631,0.157890029,0.011490624
574,99_1,8,0.158295566,4.91E-05,0.309278205,6.42E-16,0.150982639,0.237530824,8.17E-10,0.354920127,8.65E-21,0.079235258,-0.071747381,0.196624561,0.045641922
572,99_1,9,0.15640506,6.05E-05,0.346480075,7.94E-20,0.190075015,0.22437019,6.95E-09,0.371571136,8.92E-23,0.06796513,-0.122109885,0.215166076,0.025091061
583,99_2,0,0.194886514,5.31E-07,0.407833636,1.60E-27,0.212947121,0.093732496,0.016662439,0.439243535,3.94E-32,-0.101154018,-0.31410114,0.244357021,0.031409899
581,99_2,1,0.225522301,5.79E-09,0.479872002,7.42E-39,0.254349701,0.149338975,0.000129488,0.496674052,6.53E-42,-0.076183326,-0.330533027,0.271151751,0.01680205
580,99_2,2,0.20810368,8.21E-08,0.474780766,5.80E-38,0.266677085,0.123719263,0.001549818,0.498107685,3.51E-42,-0.084384417,-0.351061503,0.290004005,0.023326919
589,99_2,3,0.221956491,1.01E-08,0.391198667,2.85E-25,0.169242176,0.232767103,1.80E-09,0.434627813,2.01E-31,0.010810612,-0.158431564,0.212671322,0.043429146
587,99_2,4,0.152524232,9.23E-05,0.333191498,2.28E-18,0.180667265,0.147182335,0.000162241,0.390615117,3.40E-25,-0.005341897,-0.186009163,0.238090885,0.057423619
584,99_2,5,0.211254923,5.17E-08,0.40950706,9.36E-28,0.198252136,0.188043679,1.33E-06,0.403498586,6.36E-27,-0.023211244,-0.221463381,0.192243663,-0.006008474
582,99_2,6,0.15727367,5.50E-05,0.389676086,4.52E-25,0.232402416,0.067707529,0.084072695,0.420410405,2.61E-29,-0.089566141,-0.321968557,0.263136735,0.030734319
585,99_2,7,0.166337468,1.96E-05,0.353285432,1.34E-20,0.186947964,0.113674918,0.00365538,0.386449782,1.19E-24,-0.05266255,-0.239610514,0.220112314,0.03316435
588,99_2,8,0.207909209,8.45E-08,0.384573711,2.07E-24,0.176664502,0.174998632,6.97E-06,0.413956335,2.21E-28,-0.032910577,-0.209575079,0.206047126,0.029382624
586,99_2,9,0.1547596,7.25E-05,0.337425177,7.96E-19,0.182665577,0.071181444,0.069311407,0.354966644,8.54E-21,-0.083578156,-0.266243733,0.200207044,0.017541467
596,99_3,0,0.150576173,0.000113617,0.460852665,1.35E-35,0.310276492,0.165317129,2.21E-05,0.47838186,1.36E-38,0.014740956,-0.295535536,0.327805687,0.017529195
599,99_3,1,0.166392527,1.95E-05,0.470332616,3.40E-37,0.303940089,0.223999954,7.37E-09,0.484933143,9.29E-40,0.057607427,-0.246332662,0.318540616,0.014600527
595,99_3,2,0.109124361,0.00528057,0.428360298,1.77E-30,0.319235937,0.23275443,1.80E-09,0.429419544,1.23E-30,0.123630069,-0.195605868,0.320295183,0.001059246
598,99_3,3,0.158406234,4.85E-05,0.464858785,2.89E-36,0.306452551,0.235631373,1.12E-09,0.463625286,4.66E-36,0.077225139,-0.229227412,0.305219052,-0.001233499
597,99_3,4,0.104701998,0.007456917,0.412339504,3.74E-28,0.307637506,0.181142177,3.24E-06,0.438748533,4.69E-32,0.076440179,-0.231197327,0.334046535,0.026409029
593,99_3,5,0.111949476,0.004208882,0.44869859,1.29E-33,0.336749113,0.183219687,2.49E-06,0.438924351,4.41E-32,0.071270211,-0.265478903,0.326974875,-0.009774239
590,99_3,6,0.108415173,0.005585618,0.466866288,1.33E-36,0.358451115,0.185478458,1.86E-06,0.494079853,1.98E-41,0.077063285,-0.28138783,0.38566468,0.027213565
594,99_3,7,0.149988761,0.000120909,0.476670201,2.72E-38,0.32668144,0.230269146,2.70E-09,0.482530015,2.50E-39,0.080280385,-0.246401055,0.332541254,0.005859814
592,99_3,8,0.120653522,0.002027518,0.459609436,2.17E-35,0.338955914,0.241606003,4.10E-10,0.454601784,1.44E-34,0.120952481,-0.218003433,0.333948262,-0.005007652
591,99_3,9,0.157234667,5.52E-05,0.497480583,4.61E-42,0.340245916,0.24013702,5.26E-10,0.484462224,1.13E-39,0.082902353,-0.257343563,0.327227557,-0.013018359