	Disease	Type	Train	Test	NTree	NSample	Min_paired	AUC
0	adenoma	self	18_1	18_1	301	3	0.0	0.4642105263157894
1	adenoma	self	28_1	28_1	301	3	0.0	0.41322314049586784
2	adenoma	self	81_1	81_1	301	3	0.0	0.5272727272727273
3	adenoma	self	93_2	93_2	301	3	0.0	0.3612027869453612
4	adenoma	self	99_1	99_1	301	3	0.0	0.5647058823529412
5	adenoma	s2s	18_1	28_1	301	3	0.0	0.5075549450549451
6	adenoma	s2s	18_1	81_1	301	3	0.0	0.5671296296296297
7	adenoma	s2s	18_1	93_2	301	3	0.0	0.5726645656181245
8	adenoma	s2s	18_1	99_1	301	3	0.0	0.6178766588602654
9	adenoma	s2s	28_1	18_1	301	3	0.0	0.4300662713637949
10	adenoma	s2s	28_1	81_1	301	3	0.0	0.4205246913580247
11	adenoma	s2s	28_1	93_2	301	3	0.0	0.4873045132901232
12	adenoma	s2s	28_1	99_1	301	3	0.0	0.4584309133489461
13	adenoma	s2s	81_1	18_1	301	3	0.0	0.5990582490408092
14	adenoma	s2s	81_1	28_1	301	3	0.0	0.7012362637362638
15	adenoma	s2s	81_1	93_2	301	3	0.0	0.4841826722958911
16	adenoma	s2s	81_1	99_1	301	3	0.0	0.5640124902419984
17	adenoma	s2s	93_2	18_1	301	3	0.0	0.4733170561562609
18	adenoma	s2s	93_2	28_1	301	3	0.0	0.40384615384615385
19	adenoma	s2s	93_2	81_1	301	3	0.0	0.5787037037037036
20	adenoma	s2s	93_2	99_1	301	3	0.0	0.43871975019515996
21	adenoma	s2s	99_1	18_1	301	3	0.0	0.4565748168817579
22	adenoma	s2s	99_1	28_1	301	3	0.0	0.5927197802197802
23	adenoma	s2s	99_1	81_1	301	3	0.0	0.6334876543209876
24	adenoma	s2s	99_1	93_2	301	3	0.0	0.4821311767853957
25	adenoma	lodo	others	18_1	301	3	0.0	0.5988838507150331
26	adenoma	lodo	others	28_1	301	3	0.0	0.5782967032967032
27	adenoma	lodo	others	81_1	301	3	0.0	0.4799382716049382
28	adenoma	lodo	others	93_2	301	3	0.0	0.491377772492121
29	adenoma	lodo	others	99_1	301	3	0.0	0.5255659640905543
30	adenoma	self	18_1	18_1	301	3	0.1	0.4621052631578947
31	adenoma	self	28_1	28_1	301	3	0.1	0.4214876033057851
32	adenoma	self	81_1	81_1	301	3	0.1	0.5454545454545454
33	adenoma	self	93_2	93_2	301	3	0.1	0.3819215254858819
34	adenoma	self	99_1	99_1	301	3	0.1	0.5094117647058823
35	adenoma	s2s	18_1	28_1	301	3	0.1	0.5824175824175825
36	adenoma	s2s	18_1	81_1	301	3	0.1	0.5717592592592593
37	adenoma	s2s	18_1	93_2	301	3	0.1	0.5832788249985134
38	adenoma	s2s	18_1	99_1	301	3	0.1	0.6266588602654177
39	adenoma	s2s	28_1	18_1	301	3	0.1	0.4066968957098012
40	adenoma	s2s	28_1	81_1	301	3	0.1	0.4066358024691358
41	adenoma	s2s	28_1	93_2	301	3	0.1	0.4923886543378724
42	adenoma	s2s	28_1	99_1	301	3	0.1	0.4822404371584699
43	adenoma	s2s	81_1	18_1	301	3	0.1	0.6149284966864319
44	adenoma	s2s	81_1	28_1	301	3	0.1	0.6744505494505495
45	adenoma	s2s	81_1	93_2	301	3	0.1	0.4892073497056551
46	adenoma	s2s	81_1	99_1	301	3	0.1	0.5630366900858704
47	adenoma	s2s	93_2	18_1	301	3	0.1	0.4755842343913499
48	adenoma	s2s	93_2	28_1	301	3	0.1	0.35989010989010994
49	adenoma	s2s	93_2	81_1	301	3	0.1	0.5401234567901235
50	adenoma	s2s	93_2	99_1	301	3	0.1	0.4268149882903981
51	adenoma	s2s	99_1	18_1	301	3	0.1	0.4689570980118592
52	adenoma	s2s	99_1	28_1	301	3	0.1	0.5473901098901099
53	adenoma	s2s	99_1	81_1	301	3	0.1	0.6118827160493827
54	adenoma	s2s	99_1	93_2	301	3	0.1	0.5126954867098771
55	adenoma	lodo	others	18_1	301	3	0.1	0.5957446808510639
56	adenoma	lodo	others	28_1	301	3	0.1	0.5583791208791209
57	adenoma	lodo	others	81_1	301	3	0.1	0.4799382716049382
58	adenoma	lodo	others	93_2	301	3	0.1	0.5026758637093418
59	adenoma	lodo	others	99_1	301	3	0.1	0.5312256049960968
60	adenoma	self	18_1	18_1	301	3	0.2	0.5189473684210526
61	adenoma	self	28_1	28_1	301	3	0.2	0.5041322314049586
62	adenoma	self	81_1	81_1	301	3	0.2	0.5318181818181817
63	adenoma	self	93_2	93_2	301	3	0.2	0.3965896589658965
64	adenoma	self	99_1	99_1	301	3	0.2	0.5588235294117647
65	adenoma	s2s	18_1	28_1	301	3	0.2	0.4491758241758241
66	adenoma	s2s	18_1	81_1	301	3	0.2	0.614969135802469
67	adenoma	s2s	18_1	93_2	301	3	0.2	0.5619313789617649
68	adenoma	s2s	18_1	99_1	301	3	0.2	0.6295862607338018
69	adenoma	s2s	28_1	18_1	301	3	0.2	0.4516916637600279
70	adenoma	s2s	28_1	81_1	301	3	0.2	0.4375
71	adenoma	s2s	28_1	93_2	301	3	0.2	0.4864720223583279
72	adenoma	s2s	28_1	99_1	301	3	0.2	0.4037861046057768
73	adenoma	s2s	81_1	18_1	301	3	0.2	0.5524938960585979
74	adenoma	s2s	81_1	28_1	301	3	0.2	0.6751373626373627
75	adenoma	s2s	81_1	93_2	301	3	0.2	0.4896533269905453
76	adenoma	s2s	81_1	99_1	301	3	0.2	0.5638173302107728
77	adenoma	s2s	93_2	18_1	301	3	0.2	0.4832577607254971
78	adenoma	s2s	93_2	28_1	301	3	0.2	0.41002747252747257
79	adenoma	s2s	93_2	81_1	301	3	0.2	0.5532407407407407
80	adenoma	s2s	93_2	99_1	301	3	0.2	0.57416081186573
81	adenoma	s2s	99_1	18_1	301	3	0.2	0.4839553540286013
82	adenoma	s2s	99_1	28_1	301	3	0.2	0.5364010989010989
83	adenoma	s2s	99_1	81_1	301	3	0.2	0.6527777777777779
84	adenoma	s2s	99_1	93_2	301	3	0.2	0.4758874947969317
85	adenoma	lodo	others	18_1	301	3	0.2	0.5803976281827694
86	adenoma	lodo	others	28_1	301	3	0.2	0.5130494505494505
87	adenoma	lodo	others	81_1	301	3	0.2	0.5686728395061728
88	adenoma	lodo	others	93_2	301	3	0.2	0.4733305583635608
89	adenoma	lodo	others	99_1	301	3	0.2	0.5308352849336456
90	adenoma	self	18_1	18_1	301	3	0.3	0.4715789473684211
91	adenoma	self	28_1	28_1	301	3	0.3	0.4008264462809917
92	adenoma	self	81_1	81_1	301	3	0.3	0.4772727272727273
93	adenoma	self	93_2	93_2	301	3	0.3	0.3806380638063805
94	adenoma	self	99_1	99_1	301	3	0.3	0.5258823529411765
95	adenoma	s2s	18_1	28_1	301	3	0.3	0.4402472527472528
96	adenoma	s2s	18_1	81_1	301	3	0.3	0.6419753086419754
97	adenoma	s2s	18_1	93_2	301	3	0.3	0.6190462032467146
98	adenoma	s2s	18_1	99_1	301	3	0.3	0.5591334894613583
99	adenoma	s2s	28_1	18_1	301	3	0.3	0.4297174747122428
100	adenoma	s2s	28_1	81_1	301	3	0.3	0.5115740740740741
101	adenoma	s2s	28_1	93_2	301	3	0.3	0.4991972408871975
102	adenoma	s2s	28_1	99_1	301	3	0.3	0.4722872755659641
103	adenoma	s2s	81_1	18_1	301	3	0.3	0.5483083362399721
104	adenoma	s2s	81_1	28_1	301	3	0.3	0.6648351648351649
105	adenoma	s2s	81_1	93_2	301	3	0.3	0.5280668371290955
106	adenoma	s2s	81_1	99_1	301	3	0.3	0.5774785323965652
107	adenoma	s2s	93_2	18_1	301	3	0.3	0.4795953958841994
108	adenoma	s2s	93_2	28_1	301	3	0.3	0.4697802197802197
109	adenoma	s2s	93_2	81_1	301	3	0.3	0.4606481481481482
110	adenoma	s2s	93_2	99_1	301	3	0.3	0.4192037470725995
111	adenoma	s2s	99_1	18_1	301	3	0.3	0.5130798744332055
112	adenoma	s2s	99_1	28_1	301	3	0.3	0.614010989010989
113	adenoma	s2s	99_1	81_1	301	3	0.3	0.5910493827160493
114	adenoma	s2s	99_1	93_2	301	3	0.3	0.4703276446452994
115	adenoma	lodo	others	18_1	301	3	0.3	0.591559121032438
116	adenoma	lodo	others	28_1	301	3	0.3	0.4917582417582418
117	adenoma	lodo	others	81_1	301	3	0.3	0.4027777777777778
118	adenoma	lodo	others	93_2	301	3	0.3	0.5145983231254088
119	adenoma	lodo	others	99_1	301	3	0.3	0.4744340359094457
120	adenoma	self	18_1	18_1	301	3	0.4	0.38105263157894737
121	adenoma	self	28_1	28_1	301	3	0.4	0.4338842975206612
122	adenoma	self	81_1	81_1	301	3	0.4	0.5818181818181818
123	adenoma	self	93_2	93_2	301	3	0.4	0.4118078474514119
124	adenoma	self	99_1	99_1	301	3	0.4	0.5847058823529412
125	adenoma	s2s	18_1	28_1	301	3	0.4	0.42719780219780223
126	adenoma	s2s	18_1	81_1	301	3	0.4	0.5285493827160493
127	adenoma	s2s	18_1	93_2	301	3	0.4	0.5890170660641019
128	adenoma	s2s	18_1	99_1	301	3	0.4	0.6182669789227166
129	adenoma	s2s	28_1	18_1	301	3	0.4	0.4164632019532613
130	adenoma	s2s	28_1	81_1	301	3	0.4	0.4884259259259261
131	adenoma	s2s	28_1	93_2	301	3	0.4	0.4822798358803592
132	adenoma	s2s	28_1	99_1	301	3	0.4	0.4584309133489462
133	adenoma	s2s	81_1	18_1	301	3	0.4	0.5711545169166375
134	adenoma	s2s	81_1	28_1	301	3	0.4	0.6263736263736265
135	adenoma	s2s	81_1	93_2	301	3	0.4	0.5399001010881845
136	adenoma	s2s	81_1	99_1	301	3	0.4	0.5909445745511319
137	adenoma	s2s	93_2	18_1	301	3	0.4	0.4509940704569236
138	adenoma	s2s	93_2	28_1	301	3	0.4	0.4354395604395605
139	adenoma	s2s	93_2	81_1	301	3	0.4	0.5347222222222221
140	adenoma	s2s	93_2	99_1	301	3	0.4	0.4912177985948477
141	adenoma	s2s	99_1	18_1	301	3	0.4	0.4954656435298221
142	adenoma	s2s	99_1	28_1	301	3	0.4	0.5405219780219781
143	adenoma	s2s	99_1	81_1	301	3	0.4	0.5439814814814814
144	adenoma	s2s	99_1	93_2	301	3	0.4	0.4694356900755188
145	adenoma	lodo	others	18_1	301	3	0.4	0.5591210324380886
146	adenoma	lodo	others	28_1	301	3	0.4	0.573489010989011
147	adenoma	lodo	others	81_1	301	3	0.4	0.5069444444444444
148	adenoma	lodo	others	93_2	301	3	0.4	0.487215317833145
149	adenoma	lodo	others	99_1	301	3	0.4	0.5177595628415301
150	adenoma	self	18_1	18_1	301	3	0.5	0.4547368421052632
151	adenoma	self	28_1	28_1	301	3	0.5	0.2892561983471075
152	adenoma	self	81_1	81_1	301	3	0.5	0.40909090909090906
153	adenoma	self	93_2	93_2	301	3	0.5	0.3637697103043638
154	adenoma	self	99_1	99_1	301	3	0.5	0.4623529411764706
155	adenoma	s2s	18_1	28_1	301	3	0.5	0.5212912087912088
156	adenoma	s2s	18_1	81_1	301	3	0.5	0.4143518518518519
157	adenoma	s2s	18_1	93_2	301	3	0.5	0.5180174823095677
158	adenoma	s2s	18_1	99_1	301	3	0.5	0.5700624512099921
159	adenoma	s2s	28_1	18_1	301	3	0.5	0.4433205441227763
160	adenoma	s2s	28_1	81_1	301	3	0.5	0.5108024691358024
161	adenoma	s2s	28_1	93_2	301	3	0.5	0.4790985312481417
162	adenoma	s2s	28_1	99_1	301	3	0.5	0.4629195940671351
163	adenoma	s2s	81_1	18_1	301	3	0.5	0.5158702476456226
164	adenoma	s2s	81_1	28_1	301	3	0.5	0.5906593406593407
165	adenoma	s2s	81_1	93_2	301	3	0.5	0.4925670452518285
166	adenoma	s2s	81_1	99_1	301	3	0.5	0.5448868071818891
167	adenoma	s2s	93_2	18_1	301	3	0.5	0.5657481688175793
168	adenoma	s2s	93_2	28_1	301	3	0.5	0.5178571428571428
169	adenoma	s2s	93_2	81_1	301	3	0.5	0.6589506172839507
170	adenoma	s2s	93_2	99_1	301	3	0.5	0.4642857142857143
171	adenoma	s2s	99_1	18_1	301	3	0.5	0.5022671782350889
172	adenoma	s2s	99_1	28_1	301	3	0.5	0.4842032967032967
173	adenoma	s2s	99_1	81_1	301	3	0.5	0.6427469135802469
174	adenoma	s2s	99_1	93_2	301	3	0.5	0.5011298091217221
175	adenoma	lodo	others	18_1	301	3	0.5	0.6023718172305547
176	adenoma	lodo	others	28_1	301	3	0.5	0.4292582417582417
177	adenoma	lodo	others	81_1	301	3	0.5	0.5972222222222221
178	adenoma	lodo	others	93_2	301	3	0.5	0.4781471130403758
179	adenoma	lodo	others	99_1	301	3	0.5	0.4603825136612022
180	adenoma	self	18_1	18_1	301	3	0.6	0.4673684210526315
181	adenoma	self	28_1	28_1	301	3	0.6	0.4256198347107438
182	adenoma	self	81_1	81_1	301	3	0.6	0.4227272727272727
183	adenoma	self	93_2	93_2	301	3	0.6	0.4405940594059406
184	adenoma	self	99_1	99_1	301	3	0.6	0.54
185	adenoma	s2s	18_1	28_1	301	3	0.6	0.5563186813186813
186	adenoma	s2s	18_1	81_1	301	3	0.6	0.5609567901234568
187	adenoma	s2s	18_1	93_2	301	3	0.6	0.5616043289528454
188	adenoma	s2s	18_1	99_1	301	3	0.6	0.6090944574551131
189	adenoma	s2s	28_1	18_1	301	3	0.6	0.4788978025810952
190	adenoma	s2s	28_1	81_1	301	3	0.6	0.3719135802469136
191	adenoma	s2s	28_1	93_2	301	3	0.6	0.5493548195278588
192	adenoma	s2s	28_1	99_1	301	3	0.6	0.39715066354410616
193	adenoma	s2s	81_1	18_1	301	3	0.6	0.5404604115800489
194	adenoma	s2s	81_1	28_1	301	3	0.6	0.5377747252747254
195	adenoma	s2s	81_1	93_2	301	3	0.6	0.5150740322292918
196	adenoma	s2s	81_1	99_1	301	3	0.6	0.5848946135831382
197	adenoma	s2s	93_2	18_1	301	3	0.6	0.5617370073247296
198	adenoma	s2s	93_2	28_1	301	3	0.6	0.4766483516483516
199	adenoma	s2s	93_2	81_1	301	3	0.6	0.6604938271604939
200	adenoma	s2s	93_2	99_1	301	3	0.6	0.5683060109289617
201	adenoma	s2s	99_1	18_1	301	3	0.6	0.490582490408092
202	adenoma	s2s	99_1	28_1	301	3	0.6	0.5604395604395604
203	adenoma	s2s	99_1	81_1	301	3	0.6	0.5416666666666666
204	adenoma	s2s	99_1	93_2	301	3	0.6	0.4726764583457216
205	adenoma	lodo	others	18_1	301	3	0.6	0.5462155563306592
206	adenoma	lodo	others	28_1	301	3	0.6	0.485576923076923
207	adenoma	lodo	others	81_1	301	3	0.6	0.6080246913580247
208	adenoma	lodo	others	93_2	301	3	0.6	0.4794850448950467
209	adenoma	lodo	others	99_1	301	3	0.6	0.5197111631537861
210	adenoma	self	18_1	18_1	301	3	0.7	0.4463157894736842
211	adenoma	self	28_1	28_1	301	3	0.7	0.4090909090909091
212	adenoma	self	81_1	81_1	301	3	0.7	0.4590909090909091
213	adenoma	self	93_2	93_2	301	3	0.7	0.5117345067840118
214	adenoma	self	99_1	99_1	301	3	0.7	0.5470588235294118
215	adenoma	s2s	18_1	28_1	301	3	0.7	0.4876373626373627
216	adenoma	s2s	18_1	81_1	301	3	0.7	0.4344135802469135
217	adenoma	s2s	18_1	93_2	301	3	0.7	0.5125170957959208
218	adenoma	s2s	18_1	99_1	301	3	0.7	0.5792349726775956
219	adenoma	s2s	28_1	18_1	301	3	0.7	0.4773282176491106
220	adenoma	s2s	28_1	81_1	301	3	0.7	0.5864197530864197
221	adenoma	s2s	28_1	93_2	301	3	0.7	0.4870963905571743
222	adenoma	s2s	28_1	99_1	301	3	0.7	0.4695550351288056
223	adenoma	s2s	81_1	18_1	301	3	0.7	0.5422043948378096
224	adenoma	s2s	81_1	28_1	301	3	0.7	0.6531593406593407
225	adenoma	s2s	81_1	93_2	301	3	0.7	0.5494737468038294
226	adenoma	s2s	81_1	99_1	301	3	0.7	0.5649882903981265
227	adenoma	s2s	93_2	18_1	301	3	0.7	0.4959888385071503
228	adenoma	s2s	93_2	28_1	301	3	0.7	0.6888736263736265
229	adenoma	s2s	93_2	81_1	301	3	0.7	0.5740740740740741
230	adenoma	s2s	93_2	99_1	301	3	0.7	0.4839968774395004
231	adenoma	s2s	99_1	18_1	301	3	0.7	0.5320892919427974
232	adenoma	s2s	99_1	28_1	301	3	0.7	0.4766483516483517
233	adenoma	s2s	99_1	81_1	301	3	0.7	0.5787037037037037
234	adenoma	s2s	99_1	93_2	301	3	0.7	0.5065707319973836
235	adenoma	lodo	others	18_1	301	3	0.7	0.5083711196372515
236	adenoma	lodo	others	28_1	301	3	0.7	0.5247252747252747
237	adenoma	lodo	others	81_1	301	3	0.7	0.5833333333333333
238	adenoma	lodo	others	93_2	301	3	0.7	0.4756793720639829
239	adenoma	lodo	others	99_1	301	3	0.7	0.5275175644028103
240	adenoma	self	18_1	18_1	301	3	0.8	0.4
241	adenoma	self	28_1	28_1	301	3	0.8	0.4256198347107438
242	adenoma	self	81_1	81_1	301	3	0.8	0.5
243	adenoma	self	93_2	93_2	301	3	0.8	0.4664466446644665
244	adenoma	self	99_1	99_1	301	3	0.8	0.5435294117647058
245	adenoma	s2s	18_1	28_1	301	3	0.8	0.5494505494505494
246	adenoma	s2s	18_1	81_1	301	3	0.8	0.6820987654320988
247	adenoma	s2s	18_1	93_2	301	3	0.8	0.5162038413510139
248	adenoma	s2s	18_1	99_1	301	3	0.8	0.5774785323965652
249	adenoma	s2s	28_1	18_1	301	3	0.8	0.4377397976979421
250	adenoma	s2s	28_1	81_1	301	3	0.8	0.4112654320987654
251	adenoma	s2s	28_1	93_2	301	3	0.8	0.4934887316406018
252	adenoma	s2s	28_1	99_1	301	3	0.8	0.471311475409836
253	adenoma	s2s	81_1	18_1	301	3	0.8	0.4536100453435647
254	adenoma	s2s	81_1	28_1	301	3	0.8	0.5803571428571429
255	adenoma	s2s	81_1	93_2	301	3	0.8	0.5254801688767319
256	adenoma	s2s	81_1	99_1	301	3	0.8	0.5394223263075721
257	adenoma	s2s	93_2	18_1	301	3	0.8	0.6004534356470178
258	adenoma	s2s	93_2	28_1	301	3	0.8	0.3310439560439561
259	adenoma	s2s	93_2	81_1	301	3	0.8	0.4992283950617283
260	adenoma	s2s	93_2	99_1	301	3	0.8	0.5238095238095237
261	adenoma	s2s	99_1	18_1	301	3	0.8	0.5329612835716777
262	adenoma	s2s	99_1	28_1	301	3	0.8	0.570054945054945
263	adenoma	s2s	99_1	81_1	301	3	0.8	0.5586419753086419
264	adenoma	s2s	99_1	93_2	301	3	0.8	0.4829339358981982
265	adenoma	lodo	others	18_1	301	3	0.8	0.596093477502616
266	adenoma	lodo	others	28_1	301	3	0.8	0.4601648351648352
267	adenoma	lodo	others	81_1	301	3	0.8	0.5131172839506173
268	adenoma	lodo	others	93_2	301	3	0.8	0.5348754236784207
269	adenoma	lodo	others	99_1	301	3	0.8	0.4330601092896175
270	adenoma	self	18_1	18_1	301	3	0.9	0.4610526315789473
271	adenoma	self	28_1	28_1	301	3	0.9	0.4628099173553719
272	adenoma	self	81_1	81_1	301	3	0.9	0.40909090909090906
273	adenoma	self	93_2	93_2	301	3	0.9	0.46296296296296297
274	adenoma	self	99_1	99_1	301	3	0.9	0.5047058823529412
275	adenoma	s2s	18_1	28_1	301	3	0.9	0.6559065934065934
276	adenoma	s2s	18_1	81_1	301	3	0.9	0.6010802469135802
277	adenoma	s2s	18_1	93_2	301	3	0.9	0.5207825414758874
278	adenoma	s2s	18_1	99_1	301	3	0.9	0.5204918032786885
279	adenoma	s2s	28_1	18_1	301	3	0.9	0.497558423439135
280	adenoma	s2s	28_1	81_1	301	3	0.9	0.5555555555555556
281	adenoma	s2s	28_1	93_2	301	3	0.9	0.4715169174050069
282	adenoma	s2s	28_1	99_1	301	3	0.9	0.4389149102263856
283	adenoma	s2s	81_1	18_1	301	3	0.9	0.5141262643878619
284	adenoma	s2s	81_1	28_1	301	3	0.9	0.5631868131868132
285	adenoma	s2s	81_1	93_2	301	3	0.9	0.5722483201522269
286	adenoma	s2s	81_1	99_1	301	3	0.9	0.5983606557377049
287	adenoma	s2s	93_2	18_1	301	3	0.9	0.5807464248343216
288	adenoma	s2s	93_2	28_1	301	3	0.9	0.6304945054945055
289	adenoma	s2s	93_2	81_1	301	3	0.9	0.6165123456790123
290	adenoma	s2s	93_2	99_1	301	3	0.9	0.5435206869633099
291	adenoma	s2s	99_1	18_1	301	3	0.9	0.5092431112661319
292	adenoma	s2s	99_1	28_1	301	3	0.9	0.4388736263736264
293	adenoma	s2s	99_1	81_1	301	3	0.9	0.4390432098765432
294	adenoma	s2s	99_1	93_2	301	3	0.9	0.4719628946898972
295	adenoma	lodo	others	18_1	301	3	0.9	0.5233693756539938
296	adenoma	lodo	others	28_1	301	3	0.9	0.5123626373626374
297	adenoma	lodo	others	81_1	301	3	0.9	0.5154320987654322
298	adenoma	lodo	others	93_2	301	3	0.9	0.4713087946720581
299	adenoma	lodo	others	99_1	301	3	0.9	0.538056206088993
300	adenoma	self	18_1	18_1	301	3	1.0	0.4663157894736842
301	adenoma	self	28_1	28_1	301	3	1.0	0.5
302	adenoma	self	81_1	81_1	301	3	1.0	0.3499999999999999
303	adenoma	self	93_2	93_2	301	3	1.0	0.5264026402640265
304	adenoma	self	99_1	99_1	301	3	1.0	0.548235294117647
305	adenoma	s2s	18_1	28_1	301	3	1.0	0.4986263736263736
306	adenoma	s2s	18_1	81_1	301	3	1.0	0.6195987654320987
307	adenoma	s2s	18_1	93_2	301	3	1.0	0.5162633049889992
308	adenoma	s2s	18_1	99_1	301	3	1.0	0.5058548009367682
309	adenoma	s2s	28_1	18_1	301	3	1.0	0.473491454482037
310	adenoma	s2s	28_1	81_1	301	3	1.0	0.4915123456790123
311	adenoma	s2s	28_1	93_2	301	3	1.0	0.5332699054528156
312	adenoma	s2s	28_1	99_1	301	3	1.0	0.5189305230288837
313	adenoma	s2s	81_1	18_1	301	3	1.0	0.4984304150680153
314	adenoma	s2s	81_1	28_1	301	3	1.0	0.4821428571428572
315	adenoma	s2s	81_1	93_2	301	3	1.0	0.5411785693048701
316	adenoma	s2s	81_1	99_1	301	3	1.0	0.587431693989071
317	adenoma	s2s	93_2	18_1	301	3	1.0	0.5381932333449599
318	adenoma	s2s	93_2	28_1	301	3	1.0	0.4642857142857143
319	adenoma	s2s	93_2	81_1	301	3	1.0	0.4776234567901234
320	adenoma	s2s	93_2	99_1	301	3	1.0	0.5423497267759563
321	adenoma	s2s	99_1	18_1	301	3	1.0	0.5502267178235091
322	adenoma	s2s	99_1	28_1	301	3	1.0	0.4567307692307693
323	adenoma	s2s	99_1	81_1	301	3	1.0	0.5478395061728395
324	adenoma	s2s	99_1	93_2	301	3	1.0	0.4674733900220016
325	adenoma	lodo	others	18_1	301	3	1.0	0.5755144750610395
326	adenoma	lodo	others	28_1	301	3	1.0	0.5556318681318682
327	adenoma	lodo	others	81_1	301	3	1.0	0.5092592592592593
328	adenoma	lodo	others	93_2	301	3	1.0	0.4729440447166557
329	adenoma	lodo	others	99_1	301	3	1.0	0.5015612802498048
330	adenoma	self	18_1	18_1	301	5	0.0	0.4684210526315789
331	adenoma	self	28_1	28_1	301	5	0.0	0.6818181818181819
332	adenoma	self	81_1	81_1	301	5	0.0	0.3863636363636364
333	adenoma	self	93_2	93_2	301	5	0.0	0.42005867253392
334	adenoma	self	99_1	99_1	301	5	0.0	0.6294117647058823
335	adenoma	s2s	18_1	28_1	301	5	0.0	0.6050824175824177
336	adenoma	s2s	18_1	81_1	301	5	0.0	0.4922839506172839
337	adenoma	s2s	18_1	93_2	301	5	0.0	0.5827733840756377
338	adenoma	s2s	18_1	99_1	301	5	0.0	0.6169008587041375
339	adenoma	s2s	28_1	18_1	301	5	0.0	0.4790722009068713
340	adenoma	s2s	28_1	81_1	301	5	0.0	0.5625
341	adenoma	s2s	28_1	93_2	301	5	0.0	0.499345899982161
342	adenoma	s2s	28_1	99_1	301	5	0.0	0.4998048399687744
343	adenoma	s2s	81_1	18_1	301	5	0.0	0.5
344	adenoma	s2s	81_1	28_1	301	5	0.0	0.5103021978021978
345	adenoma	s2s	81_1	93_2	301	5	0.0	0.5341321282036036
346	adenoma	s2s	81_1	99_1	301	5	0.0	0.6067525370804059
347	adenoma	s2s	93_2	18_1	301	5	0.0	0.4605859783746076
348	adenoma	s2s	93_2	28_1	301	5	0.0	0.4553571428571429
349	adenoma	s2s	93_2	81_1	301	5	0.0	0.5964506172839505
350	adenoma	s2s	93_2	99_1	301	5	0.0	0.4775565964090554
351	adenoma	s2s	99_1	18_1	301	5	0.0	0.516742239274503
352	adenoma	s2s	99_1	28_1	301	5	0.0	0.6078296703296704
353	adenoma	s2s	99_1	81_1	301	5	0.0	0.4398148148148148
354	adenoma	s2s	99_1	93_2	301	5	0.0	0.4695843491704823
355	adenoma	lodo	others	18_1	301	5	0.0	0.6114405301709104
356	adenoma	lodo	others	28_1	301	5	0.0	0.42788461538461536
357	adenoma	lodo	others	81_1	301	5	0.0	0.5300925925925926
358	adenoma	lodo	others	93_2	301	5	0.0	0.5554201106023666
359	adenoma	lodo	others	99_1	301	5	0.0	0.5571818891491023
360	adenoma	self	18_1	18_1	301	5	0.1	0.4694736842105263
361	adenoma	self	28_1	28_1	301	5	0.1	0.6322314049586777
362	adenoma	self	81_1	81_1	301	5	0.1	0.4181818181818182
363	adenoma	self	93_2	93_2	301	5	0.1	0.3632196552988632
364	adenoma	self	99_1	99_1	301	5	0.1	0.6376470588235293
365	adenoma	s2s	18_1	28_1	301	5	0.1	0.6215659340659341
366	adenoma	s2s	18_1	81_1	301	5	0.1	0.5439814814814815
367	adenoma	s2s	18_1	93_2	301	5	0.1	0.5597014925373135
368	adenoma	s2s	18_1	99_1	301	5	0.1	0.5755269320843092
369	adenoma	s2s	28_1	18_1	301	5	0.1	0.4583188001395186
370	adenoma	s2s	28_1	81_1	301	5	0.1	0.5478395061728395
371	adenoma	s2s	28_1	93_2	301	5	0.1	0.4920913361479456
372	adenoma	s2s	28_1	99_1	301	5	0.1	0.4469164715066355
373	adenoma	s2s	81_1	18_1	301	5	0.1	0.5083711196372515
374	adenoma	s2s	81_1	28_1	301	5	0.1	0.4896978021978022
375	adenoma	s2s	81_1	93_2	301	5	0.1	0.5227448415294047
376	adenoma	s2s	81_1	99_1	301	5	0.1	0.6262685402029664
377	adenoma	s2s	93_2	18_1	301	5	0.1	0.4748866410882456
378	adenoma	s2s	93_2	28_1	301	5	0.1	0.4519230769230769
379	adenoma	s2s	93_2	81_1	301	5	0.1	0.6111111111111112
380	adenoma	s2s	93_2	99_1	301	5	0.1	0.4734582357533178
381	adenoma	s2s	99_1	18_1	301	5	0.1	0.5221485873735613
382	adenoma	s2s	99_1	28_1	301	5	0.1	0.5837912087912088
383	adenoma	s2s	99_1	81_1	301	5	0.1	0.4074074074074073
384	adenoma	s2s	99_1	93_2	301	5	0.1	0.4763632039008146
385	adenoma	lodo	others	18_1	301	5	0.1	0.6114405301709103
386	adenoma	lodo	others	28_1	301	5	0.1	0.4127747252747253
387	adenoma	lodo	others	81_1	301	5	0.1	0.5277777777777778
388	adenoma	lodo	others	93_2	301	5	0.1	0.5459059285247071
389	adenoma	lodo	others	99_1	301	5	0.1	0.5597189695550351
390	adenoma	self	18_1	18_1	301	5	0.2	0.4957894736842106
391	adenoma	self	28_1	28_1	301	5	0.2	0.6239669421487604
392	adenoma	self	81_1	81_1	301	5	0.2	0.4227272727272727
393	adenoma	self	93_2	93_2	301	5	0.2	0.3965896589658965
394	adenoma	self	99_1	99_1	301	5	0.2	0.5541176470588236
395	adenoma	s2s	18_1	28_1	301	5	0.2	0.5789835164835165
396	adenoma	s2s	18_1	81_1	301	5	0.2	0.4753086419753086
397	adenoma	s2s	18_1	93_2	301	5	0.2	0.5897900933579117
398	adenoma	s2s	18_1	99_1	301	5	0.2	0.5852849336455893
399	adenoma	s2s	28_1	18_1	301	5	0.2	0.5019183815835367
400	adenoma	s2s	28_1	81_1	301	5	0.2	0.5679012345679012
401	adenoma	s2s	28_1	93_2	301	5	0.2	0.5507224832015223
402	adenoma	s2s	28_1	99_1	301	5	0.2	0.4921935987509759
403	adenoma	s2s	81_1	18_1	301	5	0.2	0.4933728636205093
404	adenoma	s2s	81_1	28_1	301	5	0.2	0.603021978021978
405	adenoma	s2s	81_1	93_2	301	5	0.2	0.5007432954748171
406	adenoma	s2s	81_1	99_1	301	5	0.2	0.5981654957064793
407	adenoma	s2s	93_2	18_1	301	5	0.2	0.4588419951168469
408	adenoma	s2s	93_2	28_1	301	5	0.2	0.4031593406593407
409	adenoma	s2s	93_2	81_1	301	5	0.2	0.5385802469135803
410	adenoma	s2s	93_2	99_1	301	5	0.2	0.4877049180327869
411	adenoma	s2s	99_1	18_1	301	5	0.2	0.5416811998604814
412	adenoma	s2s	99_1	28_1	301	5	0.2	0.5810439560439561
413	adenoma	s2s	99_1	81_1	301	5	0.2	0.41975308641975306
414	adenoma	s2s	99_1	93_2	301	5	0.2	0.46601653089135997
415	adenoma	lodo	others	18_1	301	5	0.2	0.6527729333798395
416	adenoma	lodo	others	28_1	301	5	0.2	0.40453296703296704
417	adenoma	lodo	others	81_1	301	5	0.2	0.5455246913580247
418	adenoma	lodo	others	93_2	301	5	0.2	0.5813759885829815
419	adenoma	lodo	others	99_1	301	5	0.2	0.5320062451209993
420	adenoma	self	18_1	18_1	301	5	0.3	0.4431578947368421
421	adenoma	self	28_1	28_1	301	5	0.3	0.640495867768595
422	adenoma	self	81_1	81_1	301	5	0.3	0.4272727272727273
423	adenoma	self	93_2	93_2	301	5	0.3	0.4354602126879353
424	adenoma	self	99_1	99_1	301	5	0.3	0.6129411764705882
425	adenoma	s2s	18_1	28_1	301	5	0.3	0.6153846153846153
426	adenoma	s2s	18_1	81_1	301	5	0.3	0.4290123456790124
427	adenoma	s2s	18_1	93_2	301	5	0.3	0.6235951715525956
428	adenoma	s2s	18_1	99_1	301	5	0.3	0.6291959406713507
429	adenoma	s2s	28_1	18_1	301	5	0.3	0.4555284269271015
430	adenoma	s2s	28_1	81_1	301	5	0.3	0.5555555555555555
431	adenoma	s2s	28_1	93_2	301	5	0.3	0.4809121722066957
432	adenoma	s2s	28_1	99_1	301	5	0.3	0.5308352849336455
433	adenoma	s2s	81_1	18_1	301	5	0.3	0.5076735263341472
434	adenoma	s2s	81_1	28_1	301	5	0.3	0.5061813186813187
435	adenoma	s2s	81_1	93_2	301	5	0.3	0.5178985550335969
436	adenoma	s2s	81_1	99_1	301	5	0.3	0.6373926619828261
437	adenoma	s2s	93_2	18_1	301	5	0.3	0.4996512033484479
438	adenoma	s2s	93_2	28_1	301	5	0.3	0.4608516483516484
439	adenoma	s2s	93_2	81_1	301	5	0.3	0.5115740740740741
440	adenoma	s2s	93_2	99_1	301	5	0.3	0.5487900078064013
441	adenoma	s2s	99_1	18_1	301	5	0.3	0.4944192535751657
442	adenoma	s2s	99_1	28_1	301	5	0.3	0.5377747252747254
443	adenoma	s2s	99_1	81_1	301	5	0.3	0.4320987654320987
444	adenoma	s2s	99_1	93_2	301	5	0.3	0.4948861271332581
445	adenoma	lodo	others	18_1	301	5	0.3	0.5929543076386466
446	adenoma	lodo	others	28_1	301	5	0.3	0.4649725274725274
447	adenoma	lodo	others	81_1	301	5	0.3	0.5794753086419753
448	adenoma	lodo	others	93_2	301	5	0.3	0.5531604923589225
449	adenoma	lodo	others	99_1	301	5	0.3	0.47775175644028095
450	adenoma	self	18_1	18_1	301	5	0.4	0.54
451	adenoma	self	28_1	28_1	301	5	0.4	0.6239669421487604
452	adenoma	self	81_1	81_1	301	5	0.4	0.3954545454545454
453	adenoma	self	93_2	93_2	301	5	0.4	0.4541620828749541
454	adenoma	self	99_1	99_1	301	5	0.4	0.6070588235294118
455	adenoma	s2s	18_1	28_1	301	5	0.4	0.5611263736263736
456	adenoma	s2s	18_1	81_1	301	5	0.4	0.6265432098765431
457	adenoma	s2s	18_1	93_2	301	5	0.4	0.5886008205982042
458	adenoma	s2s	18_1	99_1	301	5	0.4	0.5807962529274004
459	adenoma	s2s	28_1	18_1	301	5	0.4	0.4865713289152424
460	adenoma	s2s	28_1	81_1	301	5	0.4	0.5285493827160493
461	adenoma	s2s	28_1	93_2	301	5	0.4	0.4975619908425998
462	adenoma	s2s	28_1	99_1	301	5	0.4	0.5763075722092115
463	adenoma	s2s	81_1	18_1	301	5	0.4	0.5066271363794908
464	adenoma	s2s	81_1	28_1	301	5	0.4	0.5377747252747253
465	adenoma	s2s	81_1	93_2	301	5	0.4	0.5412677647618481
466	adenoma	s2s	81_1	99_1	301	5	0.4	0.6434426229508197
467	adenoma	s2s	93_2	18_1	301	5	0.4	0.5181374258807115
468	adenoma	s2s	93_2	28_1	301	5	0.4	0.4739010989010989
469	adenoma	s2s	93_2	81_1	301	5	0.4	0.6080246913580247
470	adenoma	s2s	93_2	99_1	301	5	0.4	0.4635050741608119
471	adenoma	s2s	99_1	18_1	301	5	0.4	0.562260202302058
472	adenoma	s2s	99_1	28_1	301	5	0.4	0.5535714285714286
473	adenoma	s2s	99_1	81_1	301	5	0.4	0.445216049382716
474	adenoma	s2s	99_1	93_2	301	5	0.4	0.4762145448058513
475	adenoma	lodo	others	18_1	301	5	0.4	0.5885943494942449
476	adenoma	lodo	others	28_1	301	5	0.4	0.5281593406593407
477	adenoma	lodo	others	81_1	301	5	0.4	0.5555555555555556
478	adenoma	lodo	others	93_2	301	5	0.4	0.5622286971516918
479	adenoma	lodo	others	99_1	301	5	0.4	0.6666666666666665
480	adenoma	self	18_1	18_1	301	5	0.5	0.4778947368421053
481	adenoma	self	28_1	28_1	301	5	0.5	0.578512396694215
482	adenoma	self	81_1	81_1	301	5	0.5	0.4272727272727273
483	adenoma	self	93_2	93_2	301	5	0.5	0.4239090575724239
484	adenoma	self	99_1	99_1	301	5	0.5	0.5411764705882354
485	adenoma	s2s	18_1	28_1	301	5	0.5	0.6311813186813187
486	adenoma	s2s	18_1	81_1	301	5	0.5	0.5740740740740741
487	adenoma	s2s	18_1	93_2	301	5	0.5	0.4887019087827794
488	adenoma	s2s	18_1	99_1	301	5	0.5	0.5210772833723654
489	adenoma	s2s	28_1	18_1	301	5	0.5	0.4169863969305895
490	adenoma	s2s	28_1	81_1	301	5	0.5	0.5686728395061729
491	adenoma	s2s	28_1	93_2	301	5	0.5	0.5053814592376762
492	adenoma	s2s	28_1	99_1	301	5	0.5	0.4804839968774395
493	adenoma	s2s	81_1	18_1	301	5	0.5	0.5181374258807115
494	adenoma	s2s	81_1	28_1	301	5	0.5	0.5611263736263736
495	adenoma	s2s	81_1	93_2	301	5	0.5	0.5593744425283939
496	adenoma	s2s	81_1	99_1	301	5	0.5	0.5727946916471507
497	adenoma	s2s	93_2	18_1	301	5	0.5	0.5504011161492851
498	adenoma	s2s	93_2	28_1	301	5	0.5	0.4972527472527473
499	adenoma	s2s	93_2	81_1	301	5	0.5	0.6249999999999999
500	adenoma	s2s	93_2	99_1	301	5	0.5	0.4350117096018735
501	adenoma	s2s	99_1	18_1	301	5	0.5	0.5197070108126962
502	adenoma	s2s	99_1	28_1	301	5	0.5	0.5425824175824175
503	adenoma	s2s	99_1	81_1	301	5	0.5	0.4938271604938271
504	adenoma	s2s	99_1	93_2	301	5	0.5	0.4916156270440626
505	adenoma	lodo	others	18_1	301	5	0.5	0.5901639344262295
506	adenoma	lodo	others	28_1	301	5	0.5	0.5679945054945056
507	adenoma	lodo	others	81_1	301	5	0.5	0.5717592592592592
508	adenoma	lodo	others	93_2	301	5	0.5	0.5561634060771838
509	adenoma	lodo	others	99_1	301	5	0.5	0.4863387978142077
510	adenoma	self	18_1	18_1	301	5	0.6	0.4642105263157895
511	adenoma	self	28_1	28_1	301	5	0.6	0.6074380165289256
512	adenoma	self	81_1	81_1	301	5	0.6	0.4272727272727273
513	adenoma	self	93_2	93_2	301	5	0.6	0.5154015401540154
514	adenoma	self	99_1	99_1	301	5	0.6	0.5764705882352941
515	adenoma	s2s	18_1	28_1	301	5	0.6	0.5501373626373626
516	adenoma	s2s	18_1	81_1	301	5	0.6	0.4228395061728393
517	adenoma	s2s	18_1	93_2	301	5	0.6	0.5203365641909973
518	adenoma	s2s	18_1	99_1	301	5	0.6	0.6048009367681498
519	adenoma	s2s	28_1	18_1	301	5	0.6	0.4794209975584234
520	adenoma	s2s	28_1	81_1	301	5	0.6	0.5200617283950617
521	adenoma	s2s	28_1	93_2	301	5	0.6	0.5
522	adenoma	s2s	28_1	99_1	301	5	0.6	0.4307181889149102
523	adenoma	s2s	81_1	18_1	301	5	0.6	0.4787234042553192
524	adenoma	s2s	81_1	28_1	301	5	0.6	0.4532967032967034
525	adenoma	s2s	81_1	93_2	301	5	0.6	0.5461140512576559
526	adenoma	s2s	81_1	99_1	301	5	0.6	0.6510538641686183
527	adenoma	s2s	93_2	18_1	301	5	0.6	0.4625043599581444
528	adenoma	s2s	93_2	28_1	301	5	0.6	0.3722527472527473
529	adenoma	s2s	93_2	81_1	301	5	0.6	0.6234567901234568
530	adenoma	s2s	93_2	99_1	301	5	0.6	0.5290788446526151
531	adenoma	s2s	99_1	18_1	301	5	0.6	0.5224973840251134
532	adenoma	s2s	99_1	28_1	301	5	0.6	0.5247252747252746
533	adenoma	s2s	99_1	81_1	301	5	0.6	0.40432098765432095
534	adenoma	s2s	99_1	93_2	301	5	0.6	0.5374026282927988
535	adenoma	lodo	others	18_1	301	5	0.6	0.5988838507150329
536	adenoma	lodo	others	28_1	301	5	0.6	0.5714285714285715
537	adenoma	lodo	others	81_1	301	5	0.6	0.5547839506172839
538	adenoma	lodo	others	93_2	301	5	0.6	0.5971933162870904
539	adenoma	lodo	others	99_1	301	5	0.6	0.5540593286494926
540	adenoma	self	18_1	18_1	301	5	0.7	0.4242105263157895
541	adenoma	self	28_1	28_1	301	5	0.7	0.6074380165289256
542	adenoma	self	81_1	81_1	301	5	0.7	0.3818181818181817
543	adenoma	self	93_2	93_2	301	5	0.7	0.4341767510084341
544	adenoma	self	99_1	99_1	301	5	0.7	0.4764705882352941
545	adenoma	s2s	18_1	28_1	301	5	0.7	0.6188186813186812
546	adenoma	s2s	18_1	81_1	301	5	0.7	0.5046296296296298
547	adenoma	s2s	18_1	93_2	301	5	0.7	0.5990961527026224
548	adenoma	s2s	18_1	99_1	301	5	0.7	0.5806010928961749
549	adenoma	s2s	28_1	18_1	301	5	0.7	0.4276246948029299
550	adenoma	s2s	28_1	81_1	301	5	0.7	0.5077160493827161
551	adenoma	s2s	28_1	93_2	301	5	0.7	0.5317833145031814
552	adenoma	s2s	28_1	99_1	301	5	0.7	0.4802888368462139
553	adenoma	s2s	81_1	18_1	301	5	0.7	0.4808161841646321
554	adenoma	s2s	81_1	28_1	301	5	0.7	0.5260989010989011
555	adenoma	s2s	81_1	93_2	301	5	0.7	0.5126360230718916
556	adenoma	s2s	81_1	99_1	301	5	0.7	0.5550351288056206
557	adenoma	s2s	93_2	18_1	301	5	0.7	0.5395884199511685
558	adenoma	s2s	93_2	28_1	301	5	0.7	0.4347527472527473
559	adenoma	s2s	93_2	81_1	301	5	0.7	0.5733024691358024
560	adenoma	s2s	93_2	99_1	301	5	0.7	0.44555035128805626
561	adenoma	s2s	99_1	18_1	301	5	0.7	0.574293686780607
562	adenoma	s2s	99_1	28_1	301	5	0.7	0.5247252747252746
563	adenoma	s2s	99_1	81_1	301	5	0.7	0.5162037037037037
564	adenoma	s2s	99_1	93_2	301	5	0.7	0.507670809300113
565	adenoma	lodo	others	18_1	301	5	0.7	0.6008022322985699
566	adenoma	lodo	others	28_1	301	5	0.7	0.6085164835164836
567	adenoma	lodo	others	81_1	301	5	0.7	0.5733024691358024
568	adenoma	lodo	others	93_2	301	5	0.7	0.550454896830588
569	adenoma	lodo	others	99_1	301	5	0.7	0.505464480874317
570	adenoma	self	18_1	18_1	301	5	0.8	0.5021052631578947
571	adenoma	self	28_1	28_1	301	5	0.8	0.5330578512396694
572	adenoma	self	81_1	81_1	301	5	0.8	0.3545454545454545
573	adenoma	self	93_2	93_2	301	5	0.8	0.4847818115144847
574	adenoma	self	99_1	99_1	301	5	0.8	0.548235294117647
575	adenoma	s2s	18_1	28_1	301	5	0.8	0.6771978021978022
576	adenoma	s2s	18_1	81_1	301	5	0.8	0.6504629629629629
577	adenoma	s2s	18_1	93_2	301	5	0.8	0.5125765594339062
578	adenoma	s2s	18_1	99_1	301	5	0.8	0.5517174082747853
579	adenoma	s2s	28_1	18_1	301	5	0.8	0.5013951866062085
580	adenoma	s2s	28_1	81_1	301	5	0.8	0.5655864197530864
581	adenoma	s2s	28_1	93_2	301	5	0.8	0.4764523993577927
582	adenoma	s2s	28_1	99_1	301	5	0.8	0.4882903981264637
583	adenoma	s2s	81_1	18_1	301	5	0.8	0.5118590861527729
584	adenoma	s2s	81_1	28_1	301	5	0.8	0.4601648351648352
585	adenoma	s2s	81_1	93_2	301	5	0.8	0.5132901230897307
586	adenoma	s2s	81_1	99_1	301	5	0.8	0.6182669789227166
587	adenoma	s2s	93_2	18_1	301	5	0.8	0.6431810254621556
588	adenoma	s2s	93_2	28_1	301	5	0.8	0.5473901098901099
589	adenoma	s2s	93_2	81_1	301	5	0.8	0.5347222222222222
590	adenoma	s2s	93_2	99_1	301	5	0.8	0.5386416861826698
591	adenoma	s2s	99_1	18_1	301	5	0.8	0.5291245204046041
592	adenoma	s2s	99_1	28_1	301	5	0.8	0.4196428571428572
593	adenoma	s2s	99_1	81_1	301	5	0.8	0.5123456790123457
594	adenoma	s2s	99_1	93_2	301	5	0.8	0.4947374680382946
595	adenoma	lodo	others	18_1	301	5	0.8	0.5737704918032787
596	adenoma	lodo	others	28_1	301	5	0.8	0.4429945054945055
597	adenoma	lodo	others	81_1	301	5	0.8	0.4953703703703704
598	adenoma	lodo	others	93_2	301	5	0.8	0.6050722483201523
599	adenoma	lodo	others	99_1	301	5	0.8	0.5267369242779079
600	adenoma	self	18_1	18_1	301	5	0.9	0.4673684210526315
601	adenoma	self	28_1	28_1	301	5	0.9	0.6115702479338844
602	adenoma	self	81_1	81_1	301	5	0.9	0.3545454545454545
603	adenoma	self	93_2	93_2	301	5	0.9	0.4785478547854785
604	adenoma	self	99_1	99_1	301	5	0.9	0.5988235294117648
605	adenoma	s2s	18_1	28_1	301	5	0.9	0.6414835164835164
606	adenoma	s2s	18_1	81_1	301	5	0.9	0.4544753086419753
607	adenoma	s2s	18_1	93_2	301	5	0.9	0.5290479871558542
608	adenoma	s2s	18_1	99_1	301	5	0.9	0.5483996877439501
609	adenoma	s2s	28_1	18_1	301	5	0.9	0.4698290896407394
610	adenoma	s2s	28_1	81_1	301	5	0.9	0.5385802469135802
611	adenoma	s2s	28_1	93_2	301	5	0.9	0.5128144139858477
612	adenoma	s2s	28_1	99_1	301	5	0.9	0.4964871194379391
613	adenoma	s2s	81_1	18_1	301	5	0.9	0.43024066968957103
614	adenoma	s2s	81_1	28_1	301	5	0.9	0.4958791208791209
615	adenoma	s2s	81_1	93_2	301	5	0.9	0.4972052090146876
616	adenoma	s2s	81_1	99_1	301	5	0.9	0.5546448087431695
617	adenoma	s2s	93_2	18_1	301	5	0.9	0.5772584583188001
618	adenoma	s2s	93_2	28_1	301	5	0.9	0.4677197802197802
619	adenoma	s2s	93_2	81_1	301	5	0.9	0.650462962962963
620	adenoma	s2s	93_2	99_1	301	5	0.9	0.545472287275566
621	adenoma	s2s	99_1	18_1	301	5	0.9	0.5301709103592606
622	adenoma	s2s	99_1	28_1	301	5	0.9	0.6064560439560439
623	adenoma	s2s	99_1	81_1	301	5	0.9	0.4359567901234568
624	adenoma	s2s	99_1	93_2	301	5	0.9	0.5043705773919248
625	adenoma	lodo	others	18_1	301	5	0.9	0.5469131496337636
626	adenoma	lodo	others	28_1	301	5	0.9	0.4766483516483517
627	adenoma	lodo	others	81_1	301	5	0.9	0.584104938271605
628	adenoma	lodo	others	93_2	301	5	0.9	0.5296723553547006
629	adenoma	lodo	others	99_1	301	5	0.9	0.6621779859484778
630	adenoma	self	18_1	18_1	301	5	1.0	0.42105263157894735
631	adenoma	self	28_1	28_1	301	5	1.0	0.5661157024793388
632	adenoma	self	81_1	81_1	301	5	1.0	0.4
633	adenoma	self	93_2	93_2	301	5	1.0	0.5335533553355336
634	adenoma	self	99_1	99_1	301	5	1.0	0.5329411764705883
635	adenoma	s2s	18_1	28_1	301	5	1.0	0.5961538461538463
636	adenoma	s2s	18_1	81_1	301	5	1.0	0.5007716049382716
637	adenoma	s2s	18_1	93_2	301	5	1.0	0.534280787298567
638	adenoma	s2s	18_1	99_1	301	5	1.0	0.48321623731459795
639	adenoma	s2s	28_1	18_1	301	5	1.0	0.4619811649808162
640	adenoma	s2s	28_1	81_1	301	5	1.0	0.5231481481481481
641	adenoma	s2s	28_1	93_2	301	5	1.0	0.5347267645834572
642	adenoma	s2s	28_1	99_1	301	5	1.0	0.4449648711943794
643	adenoma	s2s	81_1	18_1	301	5	1.0	0.4954656435298221
644	adenoma	s2s	81_1	28_1	301	5	1.0	0.4457417582417583
645	adenoma	s2s	81_1	93_2	301	5	1.0	0.5633585062734138
646	adenoma	s2s	81_1	99_1	301	5	1.0	0.6188524590163934
647	adenoma	s2s	93_2	18_1	301	5	1.0	0.6187652598535055
648	adenoma	s2s	93_2	28_1	301	5	1.0	0.5096153846153846
649	adenoma	s2s	93_2	81_1	301	5	1.0	0.5185185185185185
650	adenoma	s2s	93_2	99_1	301	5	1.0	0.5979703356752537
651	adenoma	s2s	99_1	18_1	301	5	1.0	0.5395884199511685
652	adenoma	s2s	99_1	28_1	301	5	1.0	0.4993131868131868
653	adenoma	s2s	99_1	81_1	301	5	1.0	0.4544753086419753
654	adenoma	s2s	99_1	93_2	301	5	1.0	0.503032645537254
655	adenoma	lodo	others	18_1	301	5	1.0	0.5425531914893618
656	adenoma	lodo	others	28_1	301	5	1.0	0.5171703296703297
657	adenoma	lodo	others	81_1	301	5	1.0	0.503858024691358
658	adenoma	lodo	others	93_2	301	5	1.0	0.4820717131474104
659	adenoma	lodo	others	99_1	301	5	1.0	0.540983606557377
660	adenoma	self	18_1	18_1	301	7	0.0	0.5663157894736842
661	adenoma	self	28_1	28_1	301	7	0.0	0.5165289256198347
662	adenoma	self	81_1	81_1	301	7	0.0	0.4136363636363637
663	adenoma	self	93_2	93_2	301	7	0.0	0.4636963696369637
664	adenoma	self	99_1	99_1	301	7	0.0	0.6423529411764706
665	adenoma	s2s	18_1	28_1	301	7	0.0	0.5082417582417582
666	adenoma	s2s	18_1	81_1	301	7	0.0	0.4243827160493827
667	adenoma	s2s	18_1	93_2	301	7	0.0	0.5343699827555449
668	adenoma	s2s	18_1	99_1	301	7	0.0	0.6756440281030445
669	adenoma	s2s	28_1	18_1	301	7	0.0	0.4823857690966166
670	adenoma	s2s	28_1	81_1	301	7	0.0	0.4351851851851852
671	adenoma	s2s	28_1	93_2	301	7	0.0	0.5071356365582447
672	adenoma	s2s	28_1	99_1	301	7	0.0	0.5630366900858703
673	adenoma	s2s	81_1	18_1	301	7	0.0	0.4886641088245554
674	adenoma	s2s	81_1	28_1	301	7	0.0	0.5940934065934066
675	adenoma	s2s	81_1	93_2	301	7	0.0	0.543557114824285
676	adenoma	s2s	81_1	99_1	301	7	0.0	0.5511319281811085
677	adenoma	s2s	93_2	18_1	301	7	0.0	0.4645971398674573
678	adenoma	s2s	93_2	28_1	301	7	0.0	0.5782967032967034
679	adenoma	s2s	93_2	81_1	301	7	0.0	0.5246913580246914
680	adenoma	s2s	93_2	99_1	301	7	0.0	0.4217408274785324
681	adenoma	s2s	99_1	18_1	301	7	0.0	0.5254621555633066
682	adenoma	s2s	99_1	28_1	301	7	0.0	0.463598901098901
683	adenoma	s2s	99_1	81_1	301	7	0.0	0.4783950617283951
684	adenoma	s2s	99_1	93_2	301	7	0.0	0.4822501040613666
685	adenoma	lodo	others	18_1	301	7	0.0	0.5275549354726194
686	adenoma	lodo	others	28_1	301	7	0.0	0.4718406593406594
687	adenoma	lodo	others	81_1	301	7	0.0	0.5509259259259259
688	adenoma	lodo	others	93_2	301	7	0.0	0.5093357911637034
689	adenoma	lodo	others	99_1	301	7	0.0	0.4968774395003904
690	adenoma	self	18_1	18_1	301	7	0.1	0.5452631578947368
691	adenoma	self	28_1	28_1	301	7	0.1	0.5000000000000001
692	adenoma	self	81_1	81_1	301	7	0.1	0.4272727272727273
693	adenoma	self	93_2	93_2	301	7	0.1	0.4391272460579391
694	adenoma	self	99_1	99_1	301	7	0.1	0.6376470588235295
695	adenoma	s2s	18_1	28_1	301	7	0.1	0.5254120879120879
696	adenoma	s2s	18_1	81_1	301	7	0.1	0.4405864197530864
697	adenoma	s2s	18_1	93_2	301	7	0.1	0.5404947374680382
698	adenoma	s2s	18_1	99_1	301	7	0.1	0.6797423887587822
699	adenoma	s2s	28_1	18_1	301	7	0.1	0.4876177188698989
700	adenoma	s2s	28_1	81_1	301	7	0.1	0.4429012345679013
701	adenoma	s2s	28_1	93_2	301	7	0.1	0.5166795504548969
702	adenoma	s2s	28_1	99_1	301	7	0.1	0.5573770491803278
703	adenoma	s2s	81_1	18_1	301	7	0.1	0.5010463899546564
704	adenoma	s2s	81_1	28_1	301	7	0.1	0.5810439560439561
705	adenoma	s2s	81_1	93_2	301	7	0.1	0.5525361241600761
706	adenoma	s2s	81_1	99_1	301	7	0.1	0.5478142076502732
707	adenoma	s2s	93_2	18_1	301	7	0.1	0.4911056853854203
708	adenoma	s2s	93_2	28_1	301	7	0.1	0.5432692307692307
709	adenoma	s2s	93_2	81_1	301	7	0.1	0.5640432098765431
710	adenoma	s2s	93_2	99_1	301	7	0.1	0.4330601092896175
711	adenoma	s2s	99_1	18_1	301	7	0.1	0.5432507847924659
712	adenoma	s2s	99_1	28_1	301	7	0.1	0.4821428571428571
713	adenoma	s2s	99_1	81_1	301	7	0.1	0.5023148148148148
714	adenoma	s2s	99_1	93_2	301	7	0.1	0.4862638996253791
715	adenoma	lodo	others	18_1	301	7	0.1	0.5108126961981165
716	adenoma	lodo	others	28_1	301	7	0.1	0.4416208791208792
717	adenoma	lodo	others	81_1	301	7	0.1	0.525462962962963
718	adenoma	lodo	others	93_2	301	7	0.1	0.5187310459653921
719	adenoma	lodo	others	99_1	301	7	0.1	0.5290788446526151
720	adenoma	self	18_1	18_1	301	7	0.2	0.5757894736842106
721	adenoma	self	28_1	28_1	301	7	0.2	0.5371900826446281
722	adenoma	self	81_1	81_1	301	7	0.2	0.4318181818181818
723	adenoma	self	93_2	93_2	301	7	0.2	0.4602126879354601
724	adenoma	self	99_1	99_1	301	7	0.2	0.5729411764705882
725	adenoma	s2s	18_1	28_1	301	7	0.2	0.5831043956043955
726	adenoma	s2s	18_1	81_1	301	7	0.2	0.4753086419753085
727	adenoma	s2s	18_1	93_2	301	7	0.2	0.5248558006778854
728	adenoma	s2s	18_1	99_1	301	7	0.2	0.6383684621389539
729	adenoma	s2s	28_1	18_1	301	7	0.2	0.5055807464248343
730	adenoma	s2s	28_1	81_1	301	7	0.2	0.4768518518518519
731	adenoma	s2s	28_1	93_2	301	7	0.2	0.504162454658976
732	adenoma	s2s	28_1	99_1	301	7	0.2	0.5472287275565964
733	adenoma	s2s	81_1	18_1	301	7	0.2	0.4996512033484478
734	adenoma	s2s	81_1	28_1	301	7	0.2	0.5796703296703297
735	adenoma	s2s	81_1	93_2	301	7	0.2	0.5401379556401261
736	adenoma	s2s	81_1	99_1	301	7	0.2	0.5655737704918034
737	adenoma	s2s	93_2	18_1	301	7	0.2	0.5045343564701779
738	adenoma	s2s	93_2	28_1	301	7	0.2	0.5899725274725275
739	adenoma	s2s	93_2	81_1	301	7	0.2	0.5509259259259259
740	adenoma	s2s	93_2	99_1	301	7	0.2	0.4393052302888368
741	adenoma	s2s	99_1	18_1	301	7	0.2	0.5446459713986745
742	adenoma	s2s	99_1	28_1	301	7	0.2	0.4423076923076923
743	adenoma	s2s	99_1	81_1	301	7	0.2	0.4907407407407406
744	adenoma	s2s	99_1	93_2	301	7	0.2	0.4860557768924304
745	adenoma	lodo	others	18_1	301	7	0.2	0.5272061388210674
746	adenoma	lodo	others	28_1	301	7	0.2	0.4292582417582418
747	adenoma	lodo	others	81_1	301	7	0.2	0.5478395061728395
748	adenoma	lodo	others	93_2	301	7	0.2	0.4775822084795148
749	adenoma	lodo	others	99_1	301	7	0.2	0.5271272443403591
750	adenoma	self	18_1	18_1	301	7	0.3	0.5736842105263157
751	adenoma	self	28_1	28_1	301	7	0.3	0.5867768595041323
752	adenoma	self	81_1	81_1	301	7	0.3	0.4136363636363637
753	adenoma	self	93_2	93_2	301	7	0.3	0.4862486248624862
754	adenoma	self	99_1	99_1	301	7	0.3	0.6858823529411765
755	adenoma	s2s	18_1	28_1	301	7	0.3	0.5309065934065934
756	adenoma	s2s	18_1	81_1	301	7	0.3	0.4814814814814815
757	adenoma	s2s	18_1	93_2	301	7	0.3	0.5802164476422667
758	adenoma	s2s	18_1	99_1	301	7	0.3	0.5747462919594067
759	adenoma	s2s	28_1	18_1	301	7	0.3	0.4860481339379142
760	adenoma	s2s	28_1	81_1	301	7	0.3	0.4537037037037036
761	adenoma	s2s	28_1	93_2	301	7	0.3	0.4960159362549802
762	adenoma	s2s	28_1	99_1	301	7	0.3	0.4769711163153786
763	adenoma	s2s	81_1	18_1	301	7	0.3	0.4769794209975584
764	adenoma	s2s	81_1	28_1	301	7	0.3	0.5755494505494505
765	adenoma	s2s	81_1	93_2	301	7	0.3	0.5336564190997205
766	adenoma	s2s	81_1	99_1	301	7	0.3	0.5919203747072599
767	adenoma	s2s	93_2	18_1	301	7	0.3	0.5667945587722358
768	adenoma	s2s	93_2	28_1	301	7	0.3	0.6002747252747254
769	adenoma	s2s	93_2	81_1	301	7	0.3	0.5223765432098766
770	adenoma	s2s	93_2	99_1	301	7	0.3	0.4752146760343482
771	adenoma	s2s	99_1	18_1	301	7	0.3	0.5286013254272759
772	adenoma	s2s	99_1	28_1	301	7	0.3	0.5061813186813187
773	adenoma	s2s	99_1	81_1	301	7	0.3	0.4236111111111111
774	adenoma	s2s	99_1	93_2	301	7	0.3	0.4672058036510674
775	adenoma	lodo	others	18_1	301	7	0.3	0.5526682943843739
776	adenoma	lodo	others	28_1	301	7	0.3	0.528846153846154
777	adenoma	lodo	others	81_1	301	7	0.3	0.6743827160493827
778	adenoma	lodo	others	93_2	301	7	0.3	0.5193851459832312
779	adenoma	lodo	others	99_1	301	7	0.3	0.5128805620608899
780	adenoma	self	18_1	18_1	301	7	0.4	0.5726315789473684
781	adenoma	self	28_1	28_1	301	7	0.4	0.5991735537190083
782	adenoma	self	81_1	81_1	301	7	0.4	0.4
783	adenoma	self	93_2	93_2	301	7	0.4	0.4990832416574991
784	adenoma	self	99_1	99_1	301	7	0.4	0.5858823529411764
785	adenoma	s2s	18_1	28_1	301	7	0.4	0.5267857142857142
786	adenoma	s2s	18_1	81_1	301	7	0.4	0.4274691358024691
787	adenoma	s2s	18_1	93_2	301	7	0.4	0.5551822560504253
788	adenoma	s2s	18_1	99_1	301	7	0.4	0.5673302107728337
789	adenoma	s2s	28_1	18_1	301	7	0.4	0.4611091733519358
790	adenoma	s2s	28_1	81_1	301	7	0.4	0.4189814814814815
791	adenoma	s2s	28_1	93_2	301	7	0.4	0.5054409228756616
792	adenoma	s2s	28_1	99_1	301	7	0.4	0.6102654176424669
793	adenoma	s2s	81_1	18_1	301	7	0.4	0.4911056853854202
794	adenoma	s2s	81_1	28_1	301	7	0.4	0.5590659340659341
795	adenoma	s2s	81_1	93_2	301	7	0.4	0.5565796515430815
796	adenoma	s2s	81_1	99_1	301	7	0.4	0.5897736143637784
797	adenoma	s2s	93_2	18_1	301	7	0.4	0.4708754795953959
798	adenoma	s2s	93_2	28_1	301	7	0.4	0.6153846153846154
799	adenoma	s2s	93_2	81_1	301	7	0.4	0.4675925925925926
800	adenoma	s2s	93_2	99_1	301	7	0.4	0.4523809523809525
801	adenoma	s2s	99_1	18_1	301	7	0.4	0.5362748517614231
802	adenoma	s2s	99_1	28_1	301	7	0.4	0.4883241758241758
803	adenoma	s2s	99_1	81_1	301	7	0.4	0.4922839506172839
804	adenoma	s2s	99_1	93_2	301	7	0.4	0.5102277457334841
805	adenoma	lodo	others	18_1	301	7	0.4	0.5151726543425184
806	adenoma	lodo	others	28_1	301	7	0.4	0.5123626373626373
807	adenoma	lodo	others	81_1	301	7	0.4	0.6095679012345679
808	adenoma	lodo	others	93_2	301	7	0.4	0.5694832609859071
809	adenoma	lodo	others	99_1	301	7	0.4	0.6153395784543326
810	adenoma	self	18_1	18_1	301	7	0.5	0.4726315789473684
811	adenoma	self	28_1	28_1	301	7	0.5	0.4917355371900826
812	adenoma	self	81_1	81_1	301	7	0.5	0.4681818181818181
813	adenoma	self	93_2	93_2	301	7	0.5	0.4891822515584892
814	adenoma	self	99_1	99_1	301	7	0.5	0.5364705882352941
815	adenoma	s2s	18_1	28_1	301	7	0.5	0.6098901098901099
816	adenoma	s2s	18_1	81_1	301	7	0.5	0.5270061728395061
817	adenoma	s2s	18_1	93_2	301	7	0.5	0.5666290063626093
818	adenoma	s2s	18_1	99_1	301	7	0.5	0.59192037470726
819	adenoma	s2s	28_1	18_1	301	7	0.5	0.4441925357516569
820	adenoma	s2s	28_1	81_1	301	7	0.5	0.5362654320987654
821	adenoma	s2s	28_1	93_2	301	7	0.5	0.5084735684129155
822	adenoma	s2s	28_1	99_1	301	7	0.5	0.4744340359094458
823	adenoma	s2s	81_1	18_1	301	7	0.5	0.4914544820369724
824	adenoma	s2s	81_1	28_1	301	7	0.5	0.5611263736263736
825	adenoma	s2s	81_1	93_2	301	7	0.5	0.5454302194208241
826	adenoma	s2s	81_1	99_1	301	7	0.5	0.5768930523028883
827	adenoma	s2s	93_2	18_1	301	7	0.5	0.5381932333449598
828	adenoma	s2s	93_2	28_1	301	7	0.5	0.5913461538461539
829	adenoma	s2s	93_2	81_1	301	7	0.5	0.5632716049382716
830	adenoma	s2s	93_2	99_1	301	7	0.5	0.4283762685402029
831	adenoma	s2s	99_1	18_1	301	7	0.5	0.5214509940704569
832	adenoma	s2s	99_1	28_1	301	7	0.5	0.4203296703296704
833	adenoma	s2s	99_1	81_1	301	7	0.5	0.5825617283950617
834	adenoma	s2s	99_1	93_2	301	7	0.5	0.4692275673425701
835	adenoma	lodo	others	18_1	301	7	0.5	0.6112661318451343
836	adenoma	lodo	others	28_1	301	7	0.5	0.4217032967032967
837	adenoma	lodo	others	81_1	301	7	0.5	0.6435185185185185
838	adenoma	lodo	others	93_2	301	7	0.5	0.5369863828269014
839	adenoma	lodo	others	99_1	301	7	0.5	0.41998438719750203
840	adenoma	self	18_1	18_1	301	7	0.6	0.4989473684210526
841	adenoma	self	28_1	28_1	301	7	0.6	0.5495867768595041
842	adenoma	self	81_1	81_1	301	7	0.6	0.3954545454545455
843	adenoma	self	93_2	93_2	301	7	0.6	0.5231023102310229
844	adenoma	self	99_1	99_1	301	7	0.6	0.54
845	adenoma	s2s	18_1	28_1	301	7	0.6	0.6160714285714285
846	adenoma	s2s	18_1	81_1	301	7	0.6	0.4915123456790123
847	adenoma	s2s	18_1	93_2	301	7	0.6	0.5499791877267052
848	adenoma	s2s	18_1	99_1	301	7	0.6	0.5279078844652616
849	adenoma	s2s	28_1	18_1	301	7	0.6	0.4963376351587024
850	adenoma	s2s	28_1	81_1	301	7	0.6	0.5285493827160495
851	adenoma	s2s	28_1	93_2	301	7	0.6	0.5513765832193613
852	adenoma	s2s	28_1	99_1	301	7	0.6	0.5872365339578455
853	adenoma	s2s	81_1	18_1	301	7	0.6	0.5066271363794908
854	adenoma	s2s	81_1	28_1	301	7	0.6	0.5865384615384616
855	adenoma	s2s	81_1	93_2	301	7	0.6	0.5385621692335137
856	adenoma	s2s	81_1	99_1	301	7	0.6	0.5394223263075723
857	adenoma	s2s	93_2	18_1	301	7	0.6	0.5784792465992326
858	adenoma	s2s	93_2	28_1	301	7	0.6	0.6133241758241759
859	adenoma	s2s	93_2	81_1	301	7	0.6	0.5092592592592593
860	adenoma	s2s	93_2	99_1	301	7	0.6	0.4350117096018735
861	adenoma	s2s	99_1	18_1	301	7	0.6	0.5481339379141961
862	adenoma	s2s	99_1	28_1	301	7	0.6	0.5185439560439561
863	adenoma	s2s	99_1	81_1	301	7	0.6	0.4699074074074074
864	adenoma	s2s	99_1	93_2	301	7	0.6	0.43247903906761015
865	adenoma	lodo	others	18_1	301	7	0.6	0.5561562608998953
866	adenoma	lodo	others	28_1	301	7	0.6	0.5604395604395604
867	adenoma	lodo	others	81_1	301	7	0.6	0.6265432098765432
868	adenoma	lodo	others	93_2	301	7	0.6	0.5636855562823334
869	adenoma	lodo	others	99_1	301	7	0.6	0.4994145199063232
870	adenoma	self	18_1	18_1	301	7	0.7	0.4947368421052632
871	adenoma	self	28_1	28_1	301	7	0.7	0.6033057851239669
872	adenoma	self	81_1	81_1	301	7	0.7	0.3909090909090909
873	adenoma	self	93_2	93_2	301	7	0.7	0.5214521452145214
874	adenoma	self	99_1	99_1	301	7	0.7	0.5647058823529412
875	adenoma	s2s	18_1	28_1	301	7	0.7	0.5322802197802198
876	adenoma	s2s	18_1	81_1	301	7	0.7	0.6381172839506173
877	adenoma	s2s	18_1	93_2	301	7	0.7	0.5723672474281977
878	adenoma	s2s	18_1	99_1	301	7	0.7	0.5640124902419985
879	adenoma	s2s	28_1	18_1	301	7	0.7	0.4963376351587024
880	adenoma	s2s	28_1	81_1	301	7	0.7	0.5555555555555556
881	adenoma	s2s	28_1	93_2	301	7	0.7	0.501813640958554
882	adenoma	s2s	28_1	99_1	301	7	0.7	0.4781420765027322
883	adenoma	s2s	81_1	18_1	301	7	0.7	0.5230205790024416
884	adenoma	s2s	81_1	28_1	301	7	0.7	0.5618131868131868
885	adenoma	s2s	81_1	93_2	301	7	0.7	0.5367187964559672
886	adenoma	s2s	81_1	99_1	301	7	0.7	0.5001951600312257
887	adenoma	s2s	93_2	18_1	301	7	0.7	0.5807464248343217
888	adenoma	s2s	93_2	28_1	301	7	0.7	0.4622252747252748
889	adenoma	s2s	93_2	81_1	301	7	0.7	0.5933641975308642
890	adenoma	s2s	93_2	99_1	301	7	0.7	0.5068306010928961
891	adenoma	s2s	99_1	18_1	301	7	0.7	0.5357516567840949
892	adenoma	s2s	99_1	28_1	301	7	0.7	0.4127747252747253
893	adenoma	s2s	99_1	81_1	301	7	0.7	0.6111111111111109
894	adenoma	s2s	99_1	93_2	301	7	0.7	0.4520128441458048
895	adenoma	lodo	others	18_1	301	7	0.7	0.6301011510289501
896	adenoma	lodo	others	28_1	301	7	0.7	0.4539835164835165
897	adenoma	lodo	others	81_1	301	7	0.7	0.4868827160493827
898	adenoma	lodo	others	93_2	301	7	0.7	0.5112088957602426
899	adenoma	lodo	others	99_1	301	7	0.7	0.5761124121779859
900	adenoma	self	18_1	18_1	301	7	0.8	0.4705263157894737
901	adenoma	self	28_1	28_1	301	7	0.8	0.578512396694215
902	adenoma	self	81_1	81_1	301	7	0.8	0.4227272727272727
903	adenoma	self	93_2	93_2	301	7	0.8	0.5012834616795012
904	adenoma	self	99_1	99_1	301	7	0.8	0.5258823529411765
905	adenoma	s2s	18_1	28_1	301	7	0.8	0.6428571428571429
906	adenoma	s2s	18_1	81_1	301	7	0.8	0.4552469135802469
907	adenoma	s2s	18_1	93_2	301	7	0.8	0.519206755069275
908	adenoma	s2s	18_1	99_1	301	7	0.8	0.5997267759562842
909	adenoma	s2s	28_1	18_1	301	7	0.8	0.49511684687827
910	adenoma	s2s	28_1	81_1	301	7	0.8	0.5084876543209876
911	adenoma	s2s	28_1	93_2	301	7	0.8	0.525093655229827
912	adenoma	s2s	28_1	99_1	301	7	0.8	0.4215456674473068
913	adenoma	s2s	81_1	18_1	301	7	0.8	0.4844785490059295
914	adenoma	s2s	81_1	28_1	301	7	0.8	0.5831043956043956
915	adenoma	s2s	81_1	93_2	301	7	0.8	0.5452518285068679
916	adenoma	s2s	81_1	99_1	301	7	0.8	0.5868462138953943
917	adenoma	s2s	93_2	18_1	301	7	0.8	0.6056853854202999
918	adenoma	s2s	93_2	28_1	301	7	0.8	0.5068681318681318
919	adenoma	s2s	93_2	81_1	301	7	0.8	0.5848765432098765
920	adenoma	s2s	93_2	99_1	301	7	0.8	0.5729898516783762
921	adenoma	s2s	99_1	18_1	301	7	0.8	0.54795953958842
922	adenoma	s2s	99_1	28_1	301	7	0.8	0.4629120879120879
923	adenoma	s2s	99_1	81_1	301	7	0.8	0.5625
924	adenoma	s2s	99_1	93_2	301	7	0.8	0.4945293453053458
925	adenoma	lodo	others	18_1	301	7	0.8	0.5756888733868155
926	adenoma	lodo	others	28_1	301	7	0.8	0.570054945054945
927	adenoma	lodo	others	81_1	301	7	0.8	0.6504629629629629
928	adenoma	lodo	others	93_2	301	7	0.8	0.5475114467503123
929	adenoma	lodo	others	99_1	301	7	0.8	0.4467213114754098
930	adenoma	self	18_1	18_1	301	7	0.9	0.468421052631579
931	adenoma	self	28_1	28_1	301	7	0.9	0.5123966942148761
932	adenoma	self	81_1	81_1	301	7	0.9	0.4090909090909091
933	adenoma	self	93_2	93_2	301	7	0.9	0.5278694536120279
934	adenoma	self	99_1	99_1	301	7	0.9	0.5847058823529412
935	adenoma	s2s	18_1	28_1	301	7	0.9	0.6119505494505495
936	adenoma	s2s	18_1	81_1	301	7	0.9	0.5578703703703703
937	adenoma	s2s	18_1	93_2	301	7	0.9	0.5265802461794613
938	adenoma	s2s	18_1	99_1	301	7	0.9	0.5727946916471507
939	adenoma	s2s	28_1	18_1	301	7	0.9	0.4335542378793164
940	adenoma	s2s	28_1	81_1	301	7	0.9	0.5516975308641975
941	adenoma	s2s	28_1	93_2	301	7	0.9	0.4953915680561337
942	adenoma	s2s	28_1	99_1	301	7	0.9	0.4795081967213115
943	adenoma	s2s	81_1	18_1	301	7	0.9	0.5195326124869202
944	adenoma	s2s	81_1	28_1	301	7	0.9	0.5391483516483516
945	adenoma	s2s	81_1	93_2	301	7	0.9	0.5509603377534638
946	adenoma	s2s	81_1	99_1	301	7	0.9	0.6760343481654957
947	adenoma	s2s	93_2	18_1	301	7	0.9	0.636902685734217
948	adenoma	s2s	93_2	28_1	301	7	0.9	0.5171703296703296
949	adenoma	s2s	93_2	81_1	301	7	0.9	0.6134259259259258
950	adenoma	s2s	93_2	99_1	301	7	0.9	0.5946526151444184
951	adenoma	s2s	99_1	18_1	301	7	0.9	0.5744680851063829
952	adenoma	s2s	99_1	28_1	301	7	0.9	0.3942307692307693
953	adenoma	s2s	99_1	81_1	301	7	0.9	0.5625
954	adenoma	s2s	99_1	93_2	301	7	0.9	0.5035380864601297
955	adenoma	lodo	others	18_1	301	7	0.9	0.545517963027555
956	adenoma	lodo	others	28_1	301	7	0.9	0.4155219780219781
957	adenoma	lodo	others	81_1	301	7	0.9	0.4251543209876543
958	adenoma	lodo	others	93_2	301	7	0.9	0.4902776951893917
959	adenoma	lodo	others	99_1	301	7	0.9	0.5152224824355972
960	adenoma	self	18_1	18_1	301	7	1.0	0.4421052631578947
961	adenoma	self	28_1	28_1	301	7	1.0	0.5950413223140496
962	adenoma	self	81_1	81_1	301	7	1.0	0.4545454545454545
963	adenoma	self	93_2	93_2	301	7	1.0	0.5095342867620095
964	adenoma	self	99_1	99_1	301	7	1.0	0.4941176470588235
965	adenoma	s2s	18_1	28_1	301	7	1.0	0.5412087912087912
966	adenoma	s2s	18_1	81_1	301	7	1.0	0.525462962962963
967	adenoma	s2s	18_1	93_2	301	7	1.0	0.5445085330320509
968	adenoma	s2s	18_1	99_1	301	7	1.0	0.4994145199063231
969	adenoma	s2s	28_1	18_1	301	7	1.0	0.4890129054761074
970	adenoma	s2s	28_1	81_1	301	7	1.0	0.5555555555555556
971	adenoma	s2s	28_1	93_2	301	7	1.0	0.5026164000713563
972	adenoma	s2s	28_1	99_1	301	7	1.0	0.4615534738485558
973	adenoma	s2s	81_1	18_1	301	7	1.0	0.4846529473317056
974	adenoma	s2s	81_1	28_1	301	7	1.0	0.5467032967032968
975	adenoma	s2s	81_1	93_2	301	7	1.0	0.5359160373431646
976	adenoma	s2s	81_1	99_1	301	7	1.0	0.5269320843091335
977	adenoma	s2s	93_2	18_1	301	7	1.0	0.6232996163236832
978	adenoma	s2s	93_2	28_1	301	7	1.0	0.5583791208791209
979	adenoma	s2s	93_2	81_1	301	7	1.0	0.3896604938271605
980	adenoma	s2s	93_2	99_1	301	7	1.0	0.5628415300546448
981	adenoma	s2s	99_1	18_1	301	7	1.0	0.5251133589117545
982	adenoma	s2s	99_1	28_1	301	7	1.0	0.5659340659340659
983	adenoma	s2s	99_1	81_1	301	7	1.0	0.6103395061728394
984	adenoma	s2s	99_1	93_2	301	7	1.0	0.5264910507224833
985	adenoma	lodo	others	18_1	301	7	1.0	0.5924311126613184
986	adenoma	lodo	others	28_1	301	7	1.0	0.27953296703296704
987	adenoma	lodo	others	81_1	301	7	1.0	0.5763888888888888
988	adenoma	lodo	others	93_2	301	7	1.0	0.5875007432954749
989	adenoma	lodo	others	99_1	301	7	1.0	0.6526151444184232
990	adenoma	self	18_1	18_1	301	9	0.0	0.4578947368421053
991	adenoma	self	28_1	28_1	301	9	0.0	0.5454545454545454
992	adenoma	self	81_1	81_1	301	9	0.0	0.4
993	adenoma	self	93_2	93_2	301	9	0.0	0.4724972497249725
994	adenoma	self	99_1	99_1	301	9	0.0	0.6305882352941176
995	adenoma	s2s	18_1	28_1	301	9	0.0	0.4642857142857143
996	adenoma	s2s	18_1	81_1	301	9	0.0	0.5046296296296297
997	adenoma	s2s	18_1	93_2	301	9	0.0	0.5300291371826128
998	adenoma	s2s	18_1	99_1	301	9	0.0	0.6081186572989852
999	adenoma	s2s	28_1	18_1	301	9	0.0	0.4515172654342518
1000	adenoma	s2s	28_1	81_1	301	9	0.0	0.540895061728395
1001	adenoma	s2s	28_1	93_2	301	9	0.0	0.5257180234286734
1002	adenoma	s2s	28_1	99_1	301	9	0.0	0.6340749414519906
1003	adenoma	s2s	81_1	18_1	301	9	0.0	0.4877921171956749
1004	adenoma	s2s	81_1	28_1	301	9	0.0	0.5597527472527473
1005	adenoma	s2s	81_1	93_2	301	9	0.0	0.5335672236427426
1006	adenoma	s2s	81_1	99_1	301	9	0.0	0.6128024980483997
1007	adenoma	s2s	93_2	18_1	301	9	0.0	0.6220788280432508
1008	adenoma	s2s	93_2	28_1	301	9	0.0	0.5892857142857143
1009	adenoma	s2s	93_2	81_1	301	9	0.0	0.5277777777777779
1010	adenoma	s2s	93_2	99_1	301	9	0.0	0.4871194379391101
1011	adenoma	s2s	99_1	18_1	301	9	0.0	0.5319148936170213
1012	adenoma	s2s	99_1	28_1	301	9	0.0	0.4457417582417583
1013	adenoma	s2s	99_1	81_1	301	9	0.0	0.4830246913580247
1014	adenoma	s2s	99_1	93_2	301	9	0.0	0.4708925492061605
1015	adenoma	lodo	others	18_1	301	9	0.0	0.5577258458318801
1016	adenoma	lodo	others	28_1	301	9	0.0	0.4835164835164835
1017	adenoma	lodo	others	81_1	301	9	0.0	0.6273148148148149
1018	adenoma	lodo	others	93_2	301	9	0.0	0.5104061366474401
1019	adenoma	lodo	others	99_1	301	9	0.0	0.4744340359094457
1020	adenoma	self	18_1	18_1	301	9	0.1	0.4610526315789474
1021	adenoma	self	28_1	28_1	301	9	0.1	0.4752066115702479
1022	adenoma	self	81_1	81_1	301	9	0.1	0.40454545454545454
1023	adenoma	self	93_2	93_2	301	9	0.1	0.4864319765309864
1024	adenoma	self	99_1	99_1	301	9	0.1	0.5988235294117648
1025	adenoma	s2s	18_1	28_1	301	9	0.1	0.4292582417582417
1026	adenoma	s2s	18_1	81_1	301	9	0.1	0.4675925925925926
1027	adenoma	s2s	18_1	93_2	301	9	0.1	0.5492656240708806
1028	adenoma	s2s	18_1	99_1	301	9	0.1	0.5714285714285715
1029	adenoma	s2s	28_1	18_1	301	9	0.1	0.4403557725845832
1030	adenoma	s2s	28_1	81_1	301	9	0.1	0.533179012345679
1031	adenoma	s2s	28_1	93_2	301	9	0.1	0.5213771778557412
1032	adenoma	s2s	28_1	99_1	301	9	0.1	0.6124121779859485
1033	adenoma	s2s	81_1	18_1	301	9	0.1	0.4870945238925706
1034	adenoma	s2s	81_1	28_1	301	9	0.1	0.5707417582417583
1035	adenoma	s2s	81_1	93_2	301	9	0.1	0.5340726645656182
1036	adenoma	s2s	81_1	99_1	301	9	0.1	0.5997267759562842
1037	adenoma	s2s	93_2	18_1	301	9	0.1	0.6600976630624347
1038	adenoma	s2s	93_2	28_1	301	9	0.1	0.5872252747252747
1039	adenoma	s2s	93_2	81_1	301	9	0.1	0.5617283950617283
1040	adenoma	s2s	93_2	99_1	301	9	0.1	0.5425448868071818
1041	adenoma	s2s	99_1	18_1	301	9	0.1	0.5287757237530519
1042	adenoma	s2s	99_1	28_1	301	9	0.1	0.4375
1043	adenoma	s2s	99_1	81_1	301	9	0.1	0.4753086419753086
1044	adenoma	s2s	99_1	93_2	301	9	0.1	0.4747279538562169
1045	adenoma	lodo	others	18_1	301	9	0.1	0.5615626089989536
1046	adenoma	lodo	others	28_1	301	9	0.1	0.4601648351648352
1047	adenoma	lodo	others	81_1	301	9	0.1	0.6327160493827161
1048	adenoma	lodo	others	93_2	301	9	0.1	0.5102872093714694
1049	adenoma	lodo	others	99_1	301	9	0.1	0.5087822014051522
1050	adenoma	self	18_1	18_1	301	9	0.2	0.4673684210526315
1051	adenoma	self	28_1	28_1	301	9	0.2	0.5165289256198347
1052	adenoma	self	81_1	81_1	301	9	0.2	0.3772727272727273
1053	adenoma	self	93_2	93_2	301	9	0.2	0.4277594426109277
1054	adenoma	self	99_1	99_1	301	9	0.2	0.6847058823529412
1055	adenoma	s2s	18_1	28_1	301	9	0.2	0.4684065934065934
1056	adenoma	s2s	18_1	81_1	301	9	0.2	0.5069444444444444
1057	adenoma	s2s	18_1	93_2	301	9	0.2	0.5325563417969912
1058	adenoma	s2s	18_1	99_1	301	9	0.2	0.6461748633879782
1059	adenoma	s2s	28_1	18_1	301	9	0.2	0.4304150680153471
1060	adenoma	s2s	28_1	81_1	301	9	0.2	0.5671296296296297
1061	adenoma	s2s	28_1	93_2	301	9	0.2	0.5249449961348635
1062	adenoma	s2s	28_1	99_1	301	9	0.2	0.6077283372365339
1063	adenoma	s2s	81_1	18_1	301	9	0.2	0.5062783397279387
1064	adenoma	s2s	81_1	28_1	301	9	0.2	0.5673076923076923
1065	adenoma	s2s	81_1	93_2	301	9	0.2	0.5468276149134804
1066	adenoma	s2s	81_1	99_1	301	9	0.2	0.6161202185792349
1067	adenoma	s2s	93_2	18_1	301	9	0.2	0.6449250087199163
1068	adenoma	s2s	93_2	28_1	301	9	0.2	0.5755494505494506
1069	adenoma	s2s	93_2	81_1	301	9	0.2	0.6435185185185185
1070	adenoma	s2s	93_2	99_1	301	9	0.2	0.5031225604996097
1071	adenoma	s2s	99_1	18_1	301	9	0.2	0.5179630275549355
1072	adenoma	s2s	99_1	28_1	301	9	0.2	0.3956043956043957
1073	adenoma	s2s	99_1	81_1	301	9	0.2	0.5177469135802468
1074	adenoma	s2s	99_1	93_2	301	9	0.2	0.4983647499554024
1075	adenoma	lodo	others	18_1	301	9	0.2	0.5296477153819323
1076	adenoma	lodo	others	28_1	301	9	0.2	0.4347527472527473
1077	adenoma	lodo	others	81_1	301	9	0.2	0.6458333333333333
1078	adenoma	lodo	others	93_2	301	9	0.2	0.5114764821311768
1079	adenoma	lodo	others	99_1	301	9	0.2	0.4537470725995316
1080	adenoma	self	18_1	18_1	301	9	0.3	0.4968421052631578
1081	adenoma	self	28_1	28_1	301	9	0.3	0.5537190082644629
1082	adenoma	self	81_1	81_1	301	9	0.3	0.4409090909090909
1083	adenoma	self	93_2	93_2	301	9	0.3	0.4963329666299963
1084	adenoma	self	99_1	99_1	301	9	0.3	0.628235294117647
1085	adenoma	s2s	18_1	28_1	301	9	0.3	0.5446428571428572
1086	adenoma	s2s	18_1	81_1	301	9	0.3	0.5270061728395061
1087	adenoma	s2s	18_1	93_2	301	9	0.3	0.5198608550871142
1088	adenoma	s2s	18_1	99_1	301	9	0.3	0.5552302888368461
1089	adenoma	s2s	28_1	18_1	301	9	0.3	0.4745378444366934
1090	adenoma	s2s	28_1	81_1	301	9	0.3	0.4945987654320987
1091	adenoma	s2s	28_1	93_2	301	9	0.3	0.5420705238746507
1092	adenoma	s2s	28_1	99_1	301	9	0.3	0.6174863387978142
1093	adenoma	s2s	81_1	18_1	301	9	0.3	0.478374607603767
1094	adenoma	s2s	81_1	28_1	301	9	0.3	0.5460164835164835
1095	adenoma	s2s	81_1	93_2	301	9	0.3	0.5409407147529286
1096	adenoma	s2s	81_1	99_1	301	9	0.3	0.5999219359875099
1097	adenoma	s2s	93_2	18_1	301	9	0.3	0.6137077084059993
1098	adenoma	s2s	93_2	28_1	301	9	0.3	0.6064560439560439
1099	adenoma	s2s	93_2	81_1	301	9	0.3	0.5841049382716049
1100	adenoma	s2s	93_2	99_1	301	9	0.3	0.4996096799375488
1101	adenoma	s2s	99_1	18_1	301	9	0.3	0.5435995814440181
1102	adenoma	s2s	99_1	28_1	301	9	0.3	0.4560439560439561
1103	adenoma	s2s	99_1	81_1	301	9	0.3	0.4922839506172839
1104	adenoma	s2s	99_1	93_2	301	9	0.3	0.4936076589165725
1105	adenoma	lodo	others	18_1	301	9	0.3	0.6098709452389256
1106	adenoma	lodo	others	28_1	301	9	0.3	0.5212912087912088
1107	adenoma	lodo	others	81_1	301	9	0.3	0.6195987654320987
1108	adenoma	lodo	others	93_2	301	9	0.3	0.5456383421537729
1109	adenoma	lodo	others	99_1	301	9	0.3	0.4677985948477752
1110	adenoma	self	18_1	18_1	301	9	0.4	0.5042105263157894
1111	adenoma	self	28_1	28_1	301	9	0.4	0.5413223140495869
1112	adenoma	self	81_1	81_1	301	9	0.4	0.4454545454545454
1113	adenoma	self	93_2	93_2	301	9	0.4	0.4668133480014668
1114	adenoma	self	99_1	99_1	301	9	0.4	0.5423529411764705
1115	adenoma	s2s	18_1	28_1	301	9	0.4	0.5089285714285714
1116	adenoma	s2s	18_1	81_1	301	9	0.4	0.5185185185185185
1117	adenoma	s2s	18_1	93_2	301	9	0.4	0.5727834928940952
1118	adenoma	s2s	18_1	99_1	301	9	0.4	0.6276346604215457
1119	adenoma	s2s	28_1	18_1	301	9	0.4	0.4250087199162888
1120	adenoma	s2s	28_1	81_1	301	9	0.4	0.6280864197530864
1121	adenoma	s2s	28_1	93_2	301	9	0.4	0.5458761967057144
1122	adenoma	s2s	28_1	99_1	301	9	0.4	0.5827478532396565
1123	adenoma	s2s	81_1	18_1	301	9	0.4	0.5115102895012208
1124	adenoma	s2s	81_1	28_1	301	9	0.4	0.5164835164835165
1125	adenoma	s2s	81_1	93_2	301	9	0.4	0.5265802461794613
1126	adenoma	s2s	81_1	99_1	301	9	0.4	0.6059718969555035
1127	adenoma	s2s	93_2	18_1	301	9	0.4	0.5878967561911406
1128	adenoma	s2s	93_2	28_1	301	9	0.4	0.5707417582417583
1129	adenoma	s2s	93_2	81_1	301	9	0.4	0.5354938271604939
1130	adenoma	s2s	93_2	99_1	301	9	0.4	0.5542544886807182
1131	adenoma	s2s	99_1	18_1	301	9	0.4	0.5347052668294385
1132	adenoma	s2s	99_1	28_1	301	9	0.4	0.5199175824175825
1133	adenoma	s2s	99_1	81_1	301	9	0.4	0.5447530864197532
1134	adenoma	s2s	99_1	93_2	301	9	0.4	0.4784741630492954
1135	adenoma	lodo	others	18_1	301	9	0.4	0.5683641437042204
1136	adenoma	lodo	others	28_1	301	9	0.4	0.5288461538461539
1137	adenoma	lodo	others	81_1	301	9	0.4	0.6435185185185185
1138	adenoma	lodo	others	93_2	301	9	0.4	0.5205744187429386
1139	adenoma	lodo	others	99_1	301	9	0.4	0.4914129586260734
1140	adenoma	self	18_1	18_1	301	9	0.5	0.5210526315789473
1141	adenoma	self	28_1	28_1	301	9	0.5	0.5619834710743802
1142	adenoma	self	81_1	81_1	301	9	0.5	0.4954545454545455
1143	adenoma	self	93_2	93_2	301	9	0.5	0.4855152181884855
1144	adenoma	self	99_1	99_1	301	9	0.5	0.6576470588235294
1145	adenoma	s2s	18_1	28_1	301	9	0.5	0.5418956043956045
1146	adenoma	s2s	18_1	81_1	301	9	0.5	0.5586419753086421
1147	adenoma	s2s	18_1	93_2	301	9	0.5	0.5484331331390855
1148	adenoma	s2s	18_1	99_1	301	9	0.5	0.5901639344262296
1149	adenoma	s2s	28_1	18_1	301	9	0.5	0.44663411231252176
1150	adenoma	s2s	28_1	81_1	301	9	0.5	0.5617283950617284
1151	adenoma	s2s	28_1	93_2	301	9	0.5	0.5343105191175596
1152	adenoma	s2s	28_1	99_1	301	9	0.5	0.5583528493364559
1153	adenoma	s2s	81_1	18_1	301	9	0.5	0.5017439832577607
1154	adenoma	s2s	81_1	28_1	301	9	0.5	0.5192307692307693
1155	adenoma	s2s	81_1	93_2	301	9	0.5	0.5373134328358209
1156	adenoma	s2s	81_1	99_1	301	9	0.5	0.5642076502732241
1157	adenoma	s2s	93_2	18_1	301	9	0.5	0.5983606557377049
1158	adenoma	s2s	93_2	28_1	301	9	0.5	0.6023351648351648
1159	adenoma	s2s	93_2	81_1	301	9	0.5	0.5115740740740742
1160	adenoma	s2s	93_2	99_1	301	9	0.5	0.4281811085089774
1161	adenoma	s2s	99_1	18_1	301	9	0.5	0.5371468433903035
1162	adenoma	s2s	99_1	28_1	301	9	0.5	0.4416208791208792
1163	adenoma	s2s	99_1	81_1	301	9	0.5	0.4984567901234568
1164	adenoma	s2s	99_1	93_2	301	9	0.5	0.4543021942082417
1165	adenoma	lodo	others	18_1	301	9	0.5	0.5964422741541681
1166	adenoma	lodo	others	28_1	301	9	0.5	0.5776098901098901
1167	adenoma	lodo	others	81_1	301	9	0.5	0.6983024691358024
1168	adenoma	lodo	others	93_2	301	9	0.5	0.5600880061842184
1169	adenoma	lodo	others	99_1	301	9	0.5	0.573185011709602
1170	adenoma	self	18_1	18_1	301	9	0.6	0.4326315789473684
1171	adenoma	self	28_1	28_1	301	9	0.6	0.5867768595041323
1172	adenoma	self	81_1	81_1	301	9	0.6	0.4954545454545454
1173	adenoma	self	93_2	93_2	301	9	0.6	0.5031169783645031
1174	adenoma	self	99_1	99_1	301	9	0.6	0.5847058823529412
1175	adenoma	s2s	18_1	28_1	301	9	0.6	0.6092032967032968
1176	adenoma	s2s	18_1	81_1	301	9	0.6	0.5794753086419754
1177	adenoma	s2s	18_1	93_2	301	9	0.6	0.5376404828447404
1178	adenoma	s2s	18_1	99_1	301	9	0.6	0.5265417642466823
1179	adenoma	s2s	28_1	18_1	301	9	0.6	0.43739100104639
1180	adenoma	s2s	28_1	81_1	301	9	0.6	0.4259259259259259
1181	adenoma	s2s	28_1	93_2	301	9	0.6	0.521020396027829
1182	adenoma	s2s	28_1	99_1	301	9	0.6	0.5208821233411398
1183	adenoma	s2s	81_1	18_1	301	9	0.6	0.4619811649808162
1184	adenoma	s2s	81_1	28_1	301	9	0.6	0.5508241758241759
1185	adenoma	s2s	81_1	93_2	301	9	0.6	0.5239341142891122
1186	adenoma	s2s	81_1	99_1	301	9	0.6	0.5679156908665105
1187	adenoma	s2s	93_2	18_1	301	9	0.6	0.6206836414370422
1188	adenoma	s2s	93_2	28_1	301	9	0.6	0.7005494505494505
1189	adenoma	s2s	93_2	81_1	301	9	0.6	0.6172839506172839
1190	adenoma	s2s	93_2	99_1	301	9	0.6	0.5122950819672132
1191	adenoma	s2s	99_1	18_1	301	9	0.6	0.5493547261946286
1192	adenoma	s2s	99_1	28_1	301	9	0.6	0.4505494505494506
1193	adenoma	s2s	99_1	81_1	301	9	0.6	0.5385802469135803
1194	adenoma	s2s	99_1	93_2	301	9	0.6	0.4684842718677529
1195	adenoma	lodo	others	18_1	301	9	0.6	0.5608650156958492
1196	adenoma	lodo	others	28_1	301	9	0.6	0.4732142857142857
1197	adenoma	lodo	others	81_1	301	9	0.6	0.6195987654320987
1198	adenoma	lodo	others	93_2	301	9	0.6	0.5837545341023964
1199	adenoma	lodo	others	99_1	301	9	0.6	0.6291959406713505
1200	adenoma	self	18_1	18_1	301	9	0.7	0.4663157894736842
1201	adenoma	self	28_1	28_1	301	9	0.7	0.578512396694215
1202	adenoma	self	81_1	81_1	301	9	0.7	0.5272727272727272
1203	adenoma	self	93_2	93_2	301	9	0.7	0.5265859919325265
1204	adenoma	self	99_1	99_1	301	9	0.7	0.5517647058823529
1205	adenoma	s2s	18_1	28_1	301	9	0.7	0.6717032967032966
1206	adenoma	s2s	18_1	81_1	301	9	0.7	0.5084876543209876
1207	adenoma	s2s	18_1	93_2	301	9	0.7	0.5433489920913361
1208	adenoma	s2s	18_1	99_1	301	9	0.7	0.5587431693989071
1209	adenoma	s2s	28_1	18_1	301	9	0.7	0.4419253575165679
1210	adenoma	s2s	28_1	81_1	301	9	0.7	0.5763888888888888
1211	adenoma	s2s	28_1	93_2	301	9	0.7	0.5023488137004222
1212	adenoma	s2s	28_1	99_1	301	9	0.7	0.516783762685402
1213	adenoma	s2s	81_1	18_1	301	9	0.7	0.49755842343913503
1214	adenoma	s2s	81_1	28_1	301	9	0.7	0.5288461538461539
1215	adenoma	s2s	81_1	93_2	301	9	0.7	0.5246179461259439
1216	adenoma	s2s	81_1	99_1	301	9	0.7	0.5778688524590164
1217	adenoma	s2s	93_2	18_1	301	9	0.7	0.5312173003139169
1218	adenoma	s2s	93_2	28_1	301	9	0.7	0.4711538461538462
1219	adenoma	s2s	93_2	81_1	301	9	0.7	0.5246913580246912
1220	adenoma	s2s	93_2	99_1	301	9	0.7	0.5064402810304449
1221	adenoma	s2s	99_1	18_1	301	9	0.7	0.5226717823508894
1222	adenoma	s2s	99_1	28_1	301	9	0.7	0.4354395604395605
1223	adenoma	s2s	99_1	81_1	301	9	0.7	0.4158950617283951
1224	adenoma	s2s	99_1	93_2	301	9	0.7	0.5058571683415591
1225	adenoma	lodo	others	18_1	301	9	0.7	0.5865015695849319
1226	adenoma	lodo	others	28_1	301	9	0.7	0.5116758241758241
1227	adenoma	lodo	others	81_1	301	9	0.7	0.6442901234567902
1228	adenoma	lodo	others	93_2	301	9	0.7	0.5151037640482845
1229	adenoma	lodo	others	99_1	301	9	0.7	0.5294691647150664
1230	adenoma	self	18_1	18_1	301	9	0.8	0.4263157894736842
1231	adenoma	self	28_1	28_1	301	9	0.8	0.5619834710743801
1232	adenoma	self	81_1	81_1	301	9	0.8	0.4909090909090909
1233	adenoma	self	93_2	93_2	301	9	0.8	0.4776310964429776
1234	adenoma	self	99_1	99_1	301	9	0.8	0.4988235294117647
1235	adenoma	s2s	18_1	28_1	301	9	0.8	0.5398351648351649
1236	adenoma	s2s	18_1	81_1	301	9	0.8	0.6319444444444445
1237	adenoma	s2s	18_1	93_2	301	9	0.8	0.5281857644050663
1238	adenoma	s2s	18_1	99_1	301	9	0.8	0.4623341139734583
1239	adenoma	s2s	28_1	18_1	301	9	0.8	0.4708754795953959
1240	adenoma	s2s	28_1	81_1	301	9	0.8	0.5223765432098766
1241	adenoma	s2s	28_1	93_2	301	9	0.8	0.5192959505262532
1242	adenoma	s2s	28_1	99_1	301	9	0.8	0.5033177205308352
1243	adenoma	s2s	81_1	18_1	301	9	0.8	0.5104638995465643
1244	adenoma	s2s	81_1	28_1	301	9	0.8	0.5137362637362638
1245	adenoma	s2s	81_1	93_2	301	9	0.8	0.5583932925016353
1246	adenoma	s2s	81_1	99_1	301	9	0.8	0.5905542544886807
1247	adenoma	s2s	93_2	18_1	301	9	0.8	0.6424834321590512
1248	adenoma	s2s	93_2	28_1	301	9	0.8	0.5199175824175825
1249	adenoma	s2s	93_2	81_1	301	9	0.8	0.5208333333333333
1250	adenoma	s2s	93_2	99_1	301	9	0.8	0.5647931303669008
1251	adenoma	s2s	99_1	18_1	301	9	0.8	0.5347052668294383
1252	adenoma	s2s	99_1	28_1	301	9	0.8	0.4910714285714286
1253	adenoma	s2s	99_1	81_1	301	9	0.8	0.5378086419753086
1254	adenoma	s2s	99_1	93_2	301	9	0.8	0.5195338050781947
1255	adenoma	lodo	others	18_1	301	9	0.8	0.6145797000348797
1256	adenoma	lodo	others	28_1	301	9	0.8	0.5556318681318682
1257	adenoma	lodo	others	81_1	301	9	0.8	0.6651234567901234
1258	adenoma	lodo	others	93_2	301	9	0.8	0.5359160373431646
1259	adenoma	lodo	others	99_1	301	9	0.8	0.5136612021857923
1260	adenoma	self	18_1	18_1	301	9	0.9	0.4473684210526317
1261	adenoma	self	28_1	28_1	301	9	0.9	0.5743801652892562
1262	adenoma	self	81_1	81_1	301	9	0.9	0.5
1263	adenoma	self	93_2	93_2	301	9	0.9	0.4963329666299962
1264	adenoma	self	99_1	99_1	301	9	0.9	0.4929411764705882
1265	adenoma	s2s	18_1	28_1	301	9	0.9	0.5989010989010989
1266	adenoma	s2s	18_1	81_1	301	9	0.9	0.6157407407407407
1267	adenoma	s2s	18_1	93_2	301	9	0.9	0.5536064696438128
1268	adenoma	s2s	18_1	99_1	301	9	0.9	0.5425448868071819
1269	adenoma	s2s	28_1	18_1	301	9	0.9	0.4056505057551448
1270	adenoma	s2s	28_1	81_1	301	9	0.9	0.5030864197530864
1271	adenoma	s2s	28_1	93_2	301	9	0.9	0.4978890408515193
1272	adenoma	s2s	28_1	99_1	301	9	0.9	0.4584309133489462
1273	adenoma	s2s	81_1	18_1	301	9	0.9	0.5113358911754448
1274	adenoma	s2s	81_1	28_1	301	9	0.9	0.5082417582417582
1275	adenoma	s2s	81_1	93_2	301	9	0.9	0.5136171730986502
1276	adenoma	s2s	81_1	99_1	301	9	0.9	0.6110460577673692
1277	adenoma	s2s	93_2	18_1	301	9	0.9	0.5769096616672479
1278	adenoma	s2s	93_2	28_1	301	9	0.9	0.5920329670329672
1279	adenoma	s2s	93_2	81_1	301	9	0.9	0.5262345679012346
1280	adenoma	s2s	93_2	99_1	301	9	0.9	0.5690866510538642
1281	adenoma	s2s	99_1	18_1	301	9	0.9	0.5387164283222879
1282	adenoma	s2s	99_1	28_1	301	9	0.9	0.3756868131868132
1283	adenoma	s2s	99_1	81_1	301	9	0.9	0.4814814814814815
1284	adenoma	s2s	99_1	93_2	301	9	0.9	0.4999108045430221
1285	adenoma	lodo	others	18_1	301	9	0.9	0.5783048482734566
1286	adenoma	lodo	others	28_1	301	9	0.9	0.6023351648351649
1287	adenoma	lodo	others	81_1	301	9	0.9	0.5679012345679012
1288	adenoma	lodo	others	93_2	301	9	0.9	0.5422191829696141
1289	adenoma	lodo	others	99_1	301	9	0.9	0.5753317720530835
1290	adenoma	self	18_1	18_1	301	9	1.0	0.4073684210526316
1291	adenoma	self	28_1	28_1	301	9	1.0	0.5495867768595042
1292	adenoma	self	81_1	81_1	301	9	1.0	0.4909090909090909
1293	adenoma	self	93_2	93_2	301	9	1.0	0.5258525852585259
1294	adenoma	self	99_1	99_1	301	9	1.0	0.5305882352941176
1295	adenoma	s2s	18_1	28_1	301	9	1.0	0.6037087912087912
1296	adenoma	s2s	18_1	81_1	301	9	1.0	0.5462962962962963
1297	adenoma	s2s	18_1	93_2	301	9	1.0	0.5284533507760005
1298	adenoma	s2s	18_1	99_1	301	9	1.0	0.5378610460577674
1299	adenoma	s2s	28_1	18_1	301	9	1.0	0.4168119986048134
1300	adenoma	s2s	28_1	81_1	301	9	1.0	0.5231481481481481
1301	adenoma	s2s	28_1	93_2	301	9	1.0	0.5163525004459772
1302	adenoma	s2s	28_1	99_1	301	9	1.0	0.428376268540203
1303	adenoma	s2s	81_1	18_1	301	9	1.0	0.4707010812696199
1304	adenoma	s2s	81_1	28_1	301	9	1.0	0.4416208791208791
1305	adenoma	s2s	81_1	93_2	301	9	1.0	0.5449247784979485
1306	adenoma	s2s	81_1	99_1	301	9	1.0	0.5683060109289617
1307	adenoma	s2s	93_2	18_1	301	9	1.0	0.6573072898500174
1308	adenoma	s2s	93_2	28_1	301	9	1.0	0.5322802197802198
1309	adenoma	s2s	93_2	81_1	301	9	1.0	0.48996913580246904
1310	adenoma	s2s	93_2	99_1	301	9	1.0	0.6252927400468384
1311	adenoma	s2s	99_1	18_1	301	9	1.0	0.5205790024415766
1312	adenoma	s2s	99_1	28_1	301	9	1.0	0.4835164835164836
1313	adenoma	s2s	99_1	81_1	301	9	1.0	0.496141975308642
1314	adenoma	s2s	99_1	93_2	301	9	1.0	0.5149848367723137
1315	adenoma	lodo	others	18_1	301	9	1.0	0.5261597488664109
1316	adenoma	lodo	others	28_1	301	9	1.0	0.4649725274725275
1317	adenoma	lodo	others	81_1	301	9	1.0	0.6574074074074073
1318	adenoma	lodo	others	93_2	301	9	1.0	0.5259558779806148
1319	adenoma	lodo	others	99_1	301	9	1.0	0.6309523809523809
1320	adenoma	self	18_1	18_1	301	11	0.0	0.4147368421052631
1321	adenoma	self	28_1	28_1	301	11	0.0	0.6900826446280992
1322	adenoma	self	81_1	81_1	301	11	0.0	0.4636363636363636
1323	adenoma	self	93_2	93_2	301	11	0.0	0.4796479647964797
1324	adenoma	self	99_1	99_1	301	11	0.0	0.6564705882352939
1325	adenoma	s2s	18_1	28_1	301	11	0.0	0.489010989010989
1326	adenoma	s2s	18_1	81_1	301	11	0.0	0.5084876543209876
1327	adenoma	s2s	18_1	93_2	301	11	0.0	0.5625260153416186
1328	adenoma	s2s	18_1	99_1	301	11	0.0	0.5942622950819672
1329	adenoma	s2s	28_1	18_1	301	11	0.0	0.4731426578304848
1330	adenoma	s2s	28_1	81_1	301	11	0.0	0.6226851851851852
1331	adenoma	s2s	28_1	93_2	301	11	0.0	0.5270856871023369
1332	adenoma	s2s	28_1	99_1	301	11	0.0	0.5632318501170961
1333	adenoma	s2s	81_1	18_1	301	11	0.0	0.5252877572375305
1334	adenoma	s2s	81_1	28_1	301	11	0.0	0.5913461538461539
1335	adenoma	s2s	81_1	93_2	301	11	0.0	0.5587798061485402
1336	adenoma	s2s	81_1	99_1	301	11	0.0	0.6450039032006246
1337	adenoma	s2s	93_2	18_1	301	11	0.0	0.5491803278688524
1338	adenoma	s2s	93_2	28_1	301	11	0.0	0.5501373626373626
1339	adenoma	s2s	93_2	81_1	301	11	0.0	0.5679012345679012
1340	adenoma	s2s	93_2	99_1	301	11	0.0	0.3916861826697892
1341	adenoma	s2s	99_1	18_1	301	11	0.0	0.5404604115800488
1342	adenoma	s2s	99_1	28_1	301	11	0.0	0.5322802197802198
1343	adenoma	s2s	99_1	81_1	301	11	0.0	0.4984567901234567
1344	adenoma	s2s	99_1	93_2	301	11	0.0	0.5035678182791223
1345	adenoma	lodo	others	18_1	301	11	0.0	0.5101151028950122
1346	adenoma	lodo	others	28_1	301	11	0.0	0.5384615384615385
1347	adenoma	lodo	others	81_1	301	11	0.0	0.6010802469135802
1348	adenoma	lodo	others	93_2	301	11	0.0	0.5253315097817685
1349	adenoma	lodo	others	99_1	301	11	0.0	0.4691647150663544
1350	adenoma	self	18_1	18_1	301	11	0.1	0.4252631578947368
1351	adenoma	self	28_1	28_1	301	11	0.1	0.6735537190082644
1352	adenoma	self	81_1	81_1	301	11	0.1	0.4727272727272728
1353	adenoma	self	93_2	93_2	301	11	0.1	0.4899156582324898
1354	adenoma	self	99_1	99_1	301	11	0.1	0.6517647058823529
1355	adenoma	s2s	18_1	28_1	301	11	0.1	0.5185439560439561
1356	adenoma	s2s	18_1	81_1	301	11	0.1	0.5162037037037037
1357	adenoma	s2s	18_1	93_2	301	11	0.1	0.5754890884224297
1358	adenoma	s2s	18_1	99_1	301	11	0.1	0.6020686963309915
1359	adenoma	s2s	28_1	18_1	301	11	0.1	0.4605859783746076
1360	adenoma	s2s	28_1	81_1	301	11	0.1	0.6350308641975309
1361	adenoma	s2s	28_1	93_2	301	11	0.1	0.5317833145031814
1362	adenoma	s2s	28_1	99_1	301	11	0.1	0.554839968774395
1363	adenoma	s2s	81_1	18_1	301	11	0.1	0.5406348099058249
1364	adenoma	s2s	81_1	28_1	301	11	0.1	0.5810439560439561
1365	adenoma	s2s	81_1	93_2	301	11	0.1	0.5498007968127491
1366	adenoma	s2s	81_1	99_1	301	11	0.1	0.6411007025761124
1367	adenoma	s2s	93_2	18_1	301	11	0.1	0.5681897453784445
1368	adenoma	s2s	93_2	28_1	301	11	0.1	0.5776098901098901
1369	adenoma	s2s	93_2	81_1	301	11	0.1	0.5663580246913579
1370	adenoma	s2s	93_2	99_1	301	11	0.1	0.3791959406713505
1371	adenoma	s2s	99_1	18_1	301	11	0.1	0.5355772584583188
1372	adenoma	s2s	99_1	28_1	301	11	0.1	0.5164835164835165
1373	adenoma	s2s	99_1	81_1	301	11	0.1	0.5455246913580246
1374	adenoma	s2s	99_1	93_2	301	11	0.1	0.5027055955283345
1375	adenoma	lodo	others	18_1	301	11	0.1	0.5272061388210674
1376	adenoma	lodo	others	28_1	301	11	0.1	0.5851648351648352
1377	adenoma	lodo	others	81_1	301	11	0.1	0.6682098765432098
1378	adenoma	lodo	others	93_2	301	11	0.1	0.5270559552833443
1379	adenoma	lodo	others	99_1	301	11	0.1	0.4888758782201405
1380	adenoma	self	18_1	18_1	301	11	0.2	0.4084210526315789
1381	adenoma	self	28_1	28_1	301	11	0.2	0.6983471074380165
1382	adenoma	self	81_1	81_1	301	11	0.2	0.4590909090909091
1383	adenoma	self	93_2	93_2	301	11	0.2	0.4748808214154748
1384	adenoma	self	99_1	99_1	301	11	0.2	0.6917647058823531
1385	adenoma	s2s	18_1	28_1	301	11	0.2	0.4793956043956044
1386	adenoma	s2s	18_1	81_1	301	11	0.2	0.5347222222222222
1387	adenoma	s2s	18_1	93_2	301	11	0.2	0.5383837783195575
1388	adenoma	s2s	18_1	99_1	301	11	0.2	0.5864558938329429
1389	adenoma	s2s	28_1	18_1	301	11	0.2	0.4605859783746075
1390	adenoma	s2s	28_1	81_1	301	11	0.2	0.6003086419753086
1391	adenoma	s2s	28_1	93_2	301	11	0.2	0.5429922102634239
1392	adenoma	s2s	28_1	99_1	301	11	0.2	0.5601092896174863
1393	adenoma	s2s	81_1	18_1	301	11	0.2	0.5200558074642483
1394	adenoma	s2s	81_1	28_1	301	11	0.2	0.6078296703296704
1395	adenoma	s2s	81_1	93_2	301	11	0.2	0.5397217101742284
1396	adenoma	s2s	81_1	99_1	301	11	0.2	0.6249024199843872
1397	adenoma	s2s	93_2	18_1	301	11	0.2	0.6271363794907571
1398	adenoma	s2s	93_2	28_1	301	11	0.2	0.5130494505494506
1399	adenoma	s2s	93_2	81_1	301	11	0.2	0.5108024691358024
1400	adenoma	s2s	93_2	99_1	301	11	0.2	0.41237314597970337
1401	adenoma	s2s	99_1	18_1	301	11	0.2	0.5383676316707359
1402	adenoma	s2s	99_1	28_1	301	11	0.2	0.5054945054945055
1403	adenoma	s2s	99_1	81_1	301	11	0.2	0.47453703703703703
1404	adenoma	s2s	99_1	93_2	301	11	0.2	0.5170660641018017
1405	adenoma	lodo	others	18_1	301	11	0.2	0.5327868852459017
1406	adenoma	lodo	others	28_1	301	11	0.2	0.4663461538461538
1407	adenoma	lodo	others	81_1	301	11	0.2	0.5864197530864197
1408	adenoma	lodo	others	93_2	301	11	0.2	0.5334185645477789
1409	adenoma	lodo	others	99_1	301	11	0.2	0.5011709601873536
1410	adenoma	self	18_1	18_1	301	11	0.3	0.4894736842105263
1411	adenoma	self	28_1	28_1	301	11	0.3	0.6528925619834711
1412	adenoma	self	81_1	81_1	301	11	0.3	0.5136363636363637
1413	adenoma	self	93_2	93_2	301	11	0.3	0.5025669233590025
1414	adenoma	self	99_1	99_1	301	11	0.3	0.6176470588235294
1415	adenoma	s2s	18_1	28_1	301	11	0.3	0.5041208791208791
1416	adenoma	s2s	18_1	81_1	301	11	0.3	0.5841049382716049
1417	adenoma	s2s	18_1	93_2	301	11	0.3	0.5440922875661534
1418	adenoma	s2s	18_1	99_1	301	11	0.3	0.5962138953942233
1419	adenoma	s2s	28_1	18_1	301	11	0.3	0.4529124520404604
1420	adenoma	s2s	28_1	81_1	301	11	0.3	0.5563271604938271
1421	adenoma	s2s	28_1	93_2	301	11	0.3	0.5445085330320508
1422	adenoma	s2s	28_1	99_1	301	11	0.3	0.5284933645589384
1423	adenoma	s2s	81_1	18_1	301	11	0.3	0.5148238576909663
1424	adenoma	s2s	81_1	28_1	301	11	0.3	0.5673076923076924
1425	adenoma	s2s	81_1	93_2	301	11	0.3	0.5579770470357377
1426	adenoma	s2s	81_1	99_1	301	11	0.3	0.6114363778298205
1427	adenoma	s2s	93_2	18_1	301	11	0.3	0.5917335193582142
1428	adenoma	s2s	93_2	28_1	301	11	0.3	0.6057692307692307
1429	adenoma	s2s	93_2	81_1	301	11	0.3	0.591820987654321
1430	adenoma	s2s	93_2	99_1	301	11	0.3	0.3442622950819672
1431	adenoma	s2s	99_1	18_1	301	11	0.3	0.526682943843739
1432	adenoma	s2s	99_1	28_1	301	11	0.3	0.4766483516483516
1433	adenoma	s2s	99_1	81_1	301	11	0.3	0.5385802469135803
1434	adenoma	s2s	99_1	93_2	301	11	0.3	0.5004162454658976
1435	adenoma	lodo	others	18_1	301	11	0.3	0.5448203697244506
1436	adenoma	lodo	others	28_1	301	11	0.3	0.4869505494505495
1437	adenoma	lodo	others	81_1	301	11	0.3	0.7075617283950618
1438	adenoma	lodo	others	93_2	301	11	0.3	0.526609977998454
1439	adenoma	lodo	others	99_1	301	11	0.3	0.4482825917252147
1440	adenoma	self	18_1	18_1	301	11	0.4	0.531578947368421
1441	adenoma	self	28_1	28_1	301	11	0.4	0.6611570247933884
1442	adenoma	self	81_1	81_1	301	11	0.4	0.5227272727272727
1443	adenoma	self	93_2	93_2	301	11	0.4	0.464979831316465
1444	adenoma	self	99_1	99_1	301	11	0.4	0.6141176470588235
1445	adenoma	s2s	18_1	28_1	301	11	0.4	0.4993131868131868
1446	adenoma	s2s	18_1	81_1	301	11	0.4	0.6026234567901234
1447	adenoma	s2s	18_1	93_2	301	11	0.4	0.6090860438841649
1448	adenoma	s2s	18_1	99_1	301	11	0.4	0.5470335675253708
1449	adenoma	s2s	28_1	18_1	301	11	0.4	0.4727938611789328
1450	adenoma	s2s	28_1	81_1	301	11	0.4	0.5902777777777778
1451	adenoma	s2s	28_1	93_2	301	11	0.4	0.5118927275970744
1452	adenoma	s2s	28_1	99_1	301	11	0.4	0.5487900078064013
1453	adenoma	s2s	81_1	18_1	301	11	0.4	0.5212765957446809
1454	adenoma	s2s	81_1	28_1	301	11	0.4	0.5934065934065933
1455	adenoma	s2s	81_1	93_2	301	11	0.4	0.5544984242135934
1456	adenoma	s2s	81_1	99_1	301	11	0.4	0.5927010148321623
1457	adenoma	s2s	93_2	18_1	301	11	0.4	0.5790024415765609
1458	adenoma	s2s	93_2	28_1	301	11	0.4	0.573489010989011
1459	adenoma	s2s	93_2	81_1	301	11	0.4	0.4984567901234567
1460	adenoma	s2s	93_2	99_1	301	11	0.4	0.4488680718188915
1461	adenoma	s2s	99_1	18_1	301	11	0.4	0.5481339379141961
1462	adenoma	s2s	99_1	28_1	301	11	0.4	0.5288461538461539
1463	adenoma	s2s	99_1	81_1	301	11	0.4	0.4899691358024692
1464	adenoma	s2s	99_1	93_2	301	11	0.4	0.5154902776951894
1465	adenoma	lodo	others	18_1	301	11	0.4	0.6004534356470177
1466	adenoma	lodo	others	28_1	301	11	0.4	0.5309065934065934
1467	adenoma	lodo	others	81_1	301	11	0.4	0.7091049382716049
1468	adenoma	lodo	others	93_2	301	11	0.4	0.5598798834512695
1469	adenoma	lodo	others	99_1	301	11	0.4	0.4625292740046839
1470	adenoma	self	18_1	18_1	301	11	0.5	0.47157894736842104
1471	adenoma	self	28_1	28_1	301	11	0.5	0.6115702479338844
1472	adenoma	self	81_1	81_1	301	11	0.5	0.5227272727272727
1473	adenoma	self	93_2	93_2	301	11	0.5	0.4915658232489916
1474	adenoma	self	99_1	99_1	301	11	0.5	0.5811764705882353
1475	adenoma	s2s	18_1	28_1	301	11	0.5	0.5789835164835165
1476	adenoma	s2s	18_1	81_1	301	11	0.5	0.5787037037037037
1477	adenoma	s2s	18_1	93_2	301	11	0.5	0.564369388119165
1478	adenoma	s2s	18_1	99_1	301	11	0.5	0.5236143637782982
1479	adenoma	s2s	28_1	18_1	301	11	0.5	0.4656435298221137
1480	adenoma	s2s	28_1	81_1	301	11	0.5	0.5925925925925926
1481	adenoma	s2s	28_1	93_2	301	11	0.5	0.4888208360587501
1482	adenoma	s2s	28_1	99_1	301	11	0.5	0.4966822794691647
1483	adenoma	s2s	81_1	18_1	301	11	0.5	0.5441227764213463
1484	adenoma	s2s	81_1	28_1	301	11	0.5	0.5659340659340659
1485	adenoma	s2s	81_1	93_2	301	11	0.5	0.5359755009811501
1486	adenoma	s2s	81_1	99_1	301	11	0.5	0.6450039032006245
1487	adenoma	s2s	93_2	18_1	301	11	0.5	0.6212068364143704
1488	adenoma	s2s	93_2	28_1	301	11	0.5	0.3502747252747253
1489	adenoma	s2s	93_2	81_1	301	11	0.5	0.625
1490	adenoma	s2s	93_2	99_1	301	11	0.5	0.4933645589383294
1491	adenoma	s2s	99_1	18_1	301	11	0.5	0.5324380885943495
1492	adenoma	s2s	99_1	28_1	301	11	0.5	0.5425824175824175
1493	adenoma	s2s	99_1	81_1	301	11	0.5	0.4691358024691358
1494	adenoma	s2s	99_1	93_2	301	11	0.5	0.5213771778557412
1495	adenoma	lodo	others	18_1	301	11	0.5	0.4933728636205093
1496	adenoma	lodo	others	28_1	301	11	0.5	0.5137362637362637
1497	adenoma	lodo	others	81_1	301	11	0.5	0.5949074074074074
1498	adenoma	lodo	others	93_2	301	11	0.5	0.5653802699649165
1499	adenoma	lodo	others	99_1	301	11	0.5	0.53551912568306
1500	adenoma	self	18_1	18_1	301	11	0.6	0.5042105263157894
1501	adenoma	self	28_1	28_1	301	11	0.6	0.6033057851239669
1502	adenoma	self	81_1	81_1	301	11	0.6	0.5272727272727272
1503	adenoma	self	93_2	93_2	301	11	0.6	0.3976897689768977
1504	adenoma	self	99_1	99_1	301	11	0.6	0.5647058823529412
1505	adenoma	s2s	18_1	28_1	301	11	0.6	0.5473901098901099
1506	adenoma	s2s	18_1	81_1	301	11	0.6	0.658179012345679
1507	adenoma	s2s	18_1	93_2	301	11	0.6	0.5588392697865256
1508	adenoma	s2s	18_1	99_1	301	11	0.6	0.5681108508977362
1509	adenoma	s2s	28_1	18_1	301	11	0.6	0.44087896756191136
1510	adenoma	s2s	28_1	81_1	301	11	0.6	0.5470679012345678
1511	adenoma	s2s	28_1	93_2	301	11	0.6	0.5401676874591188
1512	adenoma	s2s	28_1	99_1	301	11	0.6	0.4391100702576113
1513	adenoma	s2s	81_1	18_1	301	11	0.6	0.5456923613533311
1514	adenoma	s2s	81_1	28_1	301	11	0.6	0.5398351648351649
1515	adenoma	s2s	81_1	93_2	301	11	0.6	0.5704346791936732
1516	adenoma	s2s	81_1	99_1	301	11	0.6	0.593481654957065
1517	adenoma	s2s	93_2	18_1	301	11	0.6	0.5725497035228461
1518	adenoma	s2s	93_2	28_1	301	11	0.6	0.5130494505494505
1519	adenoma	s2s	93_2	81_1	301	11	0.6	0.5324074074074074
1520	adenoma	s2s	93_2	99_1	301	11	0.6	0.4662373145979704
1521	adenoma	s2s	99_1	18_1	301	11	0.6	0.5524938960585979
1522	adenoma	s2s	99_1	28_1	301	11	0.6	0.5151098901098901
1523	adenoma	s2s	99_1	81_1	301	11	0.6	0.4969135802469136
1524	adenoma	s2s	99_1	93_2	301	11	0.6	0.5363322828090623
1525	adenoma	lodo	others	18_1	301	11	0.6	0.5169166376002791
1526	adenoma	lodo	others	28_1	301	11	0.6	0.4505494505494506
1527	adenoma	lodo	others	81_1	301	11	0.6	0.5787037037037037
1528	adenoma	lodo	others	93_2	301	11	0.6	0.4975322590236071
1529	adenoma	lodo	others	99_1	301	11	0.6	0.5862607338017174
1530	adenoma	self	18_1	18_1	301	11	0.7	0.4715789473684211
1531	adenoma	self	28_1	28_1	301	11	0.7	0.6363636363636364
1532	adenoma	self	81_1	81_1	301	11	0.7	0.5181818181818182
1533	adenoma	self	93_2	93_2	301	11	0.7	0.493032636596993
1534	adenoma	self	99_1	99_1	301	11	0.7	0.5894117647058823
1535	adenoma	s2s	18_1	28_1	301	11	0.7	0.5982142857142857
1536	adenoma	s2s	18_1	81_1	301	11	0.7	0.6388888888888888
1537	adenoma	s2s	18_1	93_2	301	11	0.7	0.5377891419397038
1538	adenoma	s2s	18_1	99_1	301	11	0.7	0.501951600312256
1539	adenoma	s2s	28_1	18_1	301	11	0.7	0.4495988838507151
1540	adenoma	s2s	28_1	81_1	301	11	0.7	0.5625
1541	adenoma	s2s	28_1	93_2	301	11	0.7	0.5043408455729322
1542	adenoma	s2s	28_1	99_1	301	11	0.7	0.5013661202185793
1543	adenoma	s2s	81_1	18_1	301	11	0.7	0.5013951866062085
1544	adenoma	s2s	81_1	28_1	301	11	0.7	0.5116758241758241
1545	adenoma	s2s	81_1	93_2	301	11	0.7	0.5500683831836832
1546	adenoma	s2s	81_1	99_1	301	11	0.7	0.6092896174863389
1547	adenoma	s2s	93_2	18_1	301	11	0.7	0.5319148936170213
1548	adenoma	s2s	93_2	28_1	301	11	0.7	0.6634615384615385
1549	adenoma	s2s	93_2	81_1	301	11	0.7	0.4251543209876543
1550	adenoma	s2s	93_2	99_1	301	11	0.7	0.5128805620608899
1551	adenoma	s2s	99_1	18_1	301	11	0.7	0.4945936519009417
1552	adenoma	s2s	99_1	28_1	301	11	0.7	0.4629120879120879
1553	adenoma	s2s	99_1	81_1	301	11	0.7	0.5285493827160493
1554	adenoma	s2s	99_1	93_2	301	11	0.7	0.5019623000535173
1555	adenoma	lodo	others	18_1	301	11	0.7	0.6559121032438089
1556	adenoma	lodo	others	28_1	301	11	0.7	0.445054945054945
1557	adenoma	lodo	others	81_1	301	11	0.7	0.6913580246913579
1558	adenoma	lodo	others	93_2	301	11	0.7	0.5040137955640126
1559	adenoma	lodo	others	99_1	301	11	0.7	0.5031225604996097
1560	adenoma	self	18_1	18_1	301	11	0.8	0.5547368421052632
1561	adenoma	self	28_1	28_1	301	11	0.8	0.628099173553719
1562	adenoma	self	81_1	81_1	301	11	0.8	0.5363636363636364
1563	adenoma	self	93_2	93_2	301	11	0.8	0.536120278694536
1564	adenoma	self	99_1	99_1	301	11	0.8	0.528235294117647
1565	adenoma	s2s	18_1	28_1	301	11	0.8	0.6133241758241759
1566	adenoma	s2s	18_1	81_1	301	11	0.8	0.5547839506172839
1567	adenoma	s2s	18_1	93_2	301	11	0.8	0.5198311232681215
1568	adenoma	s2s	18_1	99_1	301	11	0.8	0.5087822014051522
1569	adenoma	s2s	28_1	18_1	301	11	0.8	0.4809905824904082
1570	adenoma	s2s	28_1	81_1	301	11	0.8	0.5378086419753086
1571	adenoma	s2s	28_1	93_2	301	11	0.8	0.5068977820063032
1572	adenoma	s2s	28_1	99_1	301	11	0.8	0.5505464480874317
1573	adenoma	s2s	81_1	18_1	301	11	0.8	0.5062783397279387
1574	adenoma	s2s	81_1	28_1	301	11	0.8	0.5542582417582417
1575	adenoma	s2s	81_1	93_2	301	11	0.8	0.542129987512636
1576	adenoma	s2s	81_1	99_1	301	11	0.8	0.6069476971116314
1577	adenoma	s2s	93_2	18_1	301	11	0.8	0.6532961283571678
1578	adenoma	s2s	93_2	28_1	301	11	0.8	0.5315934065934067
1579	adenoma	s2s	93_2	81_1	301	11	0.8	0.5609567901234568
1580	adenoma	s2s	93_2	99_1	301	11	0.8	0.510343481654957
1581	adenoma	s2s	99_1	18_1	301	11	0.8	0.5020927799093129
1582	adenoma	s2s	99_1	28_1	301	11	0.8	0.5604395604395604
1583	adenoma	s2s	99_1	81_1	301	11	0.8	0.4783950617283951
1584	adenoma	s2s	99_1	93_2	301	11	0.8	0.4936076589165725
1585	adenoma	lodo	others	18_1	301	11	0.8	0.61056853854203
1586	adenoma	lodo	others	28_1	301	11	0.8	0.5611263736263736
1587	adenoma	lodo	others	81_1	301	11	0.8	0.6203703703703705
1588	adenoma	lodo	others	93_2	301	11	0.8	0.5195040732592019
1589	adenoma	lodo	others	99_1	301	11	0.8	0.5973848555815771
1590	adenoma	self	18_1	18_1	301	11	0.9	0.5105263157894736
1591	adenoma	self	28_1	28_1	301	11	0.9	0.6198347107438016
1592	adenoma	self	81_1	81_1	301	11	0.9	0.4909090909090909
1593	adenoma	self	93_2	93_2	301	11	0.9	0.517051705170517
1594	adenoma	self	99_1	99_1	301	11	0.9	0.5235294117647058
1595	adenoma	s2s	18_1	28_1	301	11	0.9	0.6758241758241758
1596	adenoma	s2s	18_1	81_1	301	11	0.9	0.5192901234567902
1597	adenoma	s2s	18_1	93_2	301	11	0.9	0.5270856871023369
1598	adenoma	s2s	18_1	99_1	301	11	0.9	0.5240046838407495
1599	adenoma	s2s	28_1	18_1	301	11	0.9	0.4548308336239972
1600	adenoma	s2s	28_1	81_1	301	11	0.9	0.5933641975308642
1601	adenoma	s2s	28_1	93_2	301	11	0.9	0.5281560325860736
1602	adenoma	s2s	28_1	99_1	301	11	0.9	0.4890710382513661
1603	adenoma	s2s	81_1	18_1	301	11	0.9	0.5061039414021625
1604	adenoma	s2s	81_1	28_1	301	11	0.9	0.5260989010989011
1605	adenoma	s2s	81_1	93_2	301	11	0.9	0.5089492775167985
1606	adenoma	s2s	81_1	99_1	301	11	0.9	0.5843091334894613
1607	adenoma	s2s	93_2	18_1	301	11	0.9	0.5474363446110917
1608	adenoma	s2s	93_2	28_1	301	11	0.9	0.5597527472527473
1609	adenoma	s2s	93_2	81_1	301	11	0.9	0.5586419753086421
1610	adenoma	s2s	93_2	99_1	301	11	0.9	0.5081967213114753
1611	adenoma	s2s	99_1	18_1	301	11	0.9	0.6058597837460761
1612	adenoma	s2s	99_1	28_1	301	11	0.9	0.5020604395604396
1613	adenoma	s2s	99_1	81_1	301	11	0.9	0.5632716049382716
1614	adenoma	s2s	99_1	93_2	301	11	0.9	0.4827852768032349
1615	adenoma	lodo	others	18_1	301	11	0.9	0.6302755493547262
1616	adenoma	lodo	others	28_1	301	11	0.9	0.4436813186813188
1617	adenoma	lodo	others	81_1	301	11	0.9	0.5725308641975309
1618	adenoma	lodo	others	93_2	301	11	0.9	0.5634477017303919
1619	adenoma	lodo	others	99_1	301	11	0.9	0.5466432474629195
1620	adenoma	self	18_1	18_1	301	11	1.0	0.4242105263157895
1621	adenoma	self	28_1	28_1	301	11	1.0	0.6446280991735537
1622	adenoma	self	81_1	81_1	301	11	1.0	0.4909090909090909
1623	adenoma	self	93_2	93_2	301	11	1.0	0.5302530253025303
1624	adenoma	self	99_1	99_1	301	11	1.0	0.5658823529411765
1625	adenoma	s2s	18_1	28_1	301	11	1.0	0.6085164835164836
1626	adenoma	s2s	18_1	81_1	301	11	1.0	0.5663580246913581
1627	adenoma	s2s	18_1	93_2	301	11	1.0	0.5316643872272105
1628	adenoma	s2s	18_1	99_1	301	11	1.0	0.5608899297423888
1629	adenoma	s2s	28_1	18_1	301	11	1.0	0.4694802929891873
1630	adenoma	s2s	28_1	81_1	301	11	1.0	0.5740740740740741
1631	adenoma	s2s	28_1	93_2	301	11	1.0	0.5201581732770411
1632	adenoma	s2s	28_1	99_1	301	11	1.0	0.504488680718189
1633	adenoma	s2s	81_1	18_1	301	11	1.0	0.4836065573770492
1634	adenoma	s2s	81_1	28_1	301	11	1.0	0.4986263736263736
1635	adenoma	s2s	81_1	93_2	301	11	1.0	0.5625557471606113
1636	adenoma	s2s	81_1	99_1	301	11	1.0	0.5388368462138954
1637	adenoma	s2s	93_2	18_1	301	11	1.0	0.5702825252877572
1638	adenoma	s2s	93_2	28_1	301	11	1.0	0.5446428571428571
1639	adenoma	s2s	93_2	81_1	301	11	1.0	0.5617283950617283
1640	adenoma	s2s	93_2	99_1	301	11	1.0	0.5585480093676816
1641	adenoma	s2s	99_1	18_1	301	11	1.0	0.550575514475061
1642	adenoma	s2s	99_1	28_1	301	11	1.0	0.5048076923076923
1643	adenoma	s2s	99_1	81_1	301	11	1.0	0.5570987654320987
1644	adenoma	s2s	99_1	93_2	301	11	1.0	0.5239341142891122
1645	adenoma	lodo	others	18_1	301	11	1.0	0.6028950122078829
1646	adenoma	lodo	others	28_1	301	11	1.0	0.385989010989011
1647	adenoma	lodo	others	81_1	301	11	1.0	0.6496913580246912
1648	adenoma	lodo	others	93_2	301	11	1.0	0.5166795504548969
1649	adenoma	lodo	others	99_1	301	11	1.0	0.5388368462138954
